symbol,side,outcome,exit_reason,p2_grade,entry_price,exit_price,pnl_usd,pnl_pct,size_usd,leverage,stop_loss,take_profit,hold_hours,p2_score,entry_time,exit_time,p1_snapshot
BANANAUSDT,LONG,LOSS,SL_HIT,VALID,5.108,4.567,-111.32281520005132,-21.18245888801877,525.5424584490412,2.0,4.5972,6.385,0.5034402136111111,65.0,2026-05-10 06:33:01.378219,2026-05-10 07:03:13.762988,
INXUSDT,LONG,WIN,TP_HIT,VALID,0.014117,0.017681,267.8040186192709,50.49231423106891,530.3857085926273,2.0,0.0127053,0.01764625,6.982222263611111,69.0,2026-05-09 23:49:11.164190,2026-05-10 06:48:07.164339,
BLESSUSDT,LONG,LOSS,MAX_HOLD,VALID,0.007189,0.007186,-0.4027360304148319,-0.0834608429545249,482.5448871086404,2.0,0.0064701,0.00898625,61.067254909722216,64.0,2026-05-07 17:44:04.109120,2026-05-10 06:48:06.226795,
HIGHUSDT,LONG,LOSS,MAX_HOLD,VALID,0.2295,0.2157,-59.53911429360103,-12.026143790849678,495.0806786370083,2.0,0.20655,0.286875,48.25098410472222,62.0,2026-05-08 06:33:01.880514,2026-05-10 06:48:05.423291,
BSBUSDT,LONG,LOSS,SL_HIT,WEAK,0.8709,0.78207,-20.39958663451601,-20.39958663451601,100.0,2.0,0.78381,1.088625,3.2810633241666665,61.0,2026-04-29 14:59:19.454523,2026-04-29 18:16:11.282490,
HUSDT,LONG,LOSS,MAX_HOLD,WEAK,0.17972,0.1792,-0.5786779434676083,-0.5786779434676083,100.0,2.0,0.161748,0.22465,4.040008430277778,56.0,2026-04-29 14:59:13.823814,2026-04-29 19:01:37.854163,
BIOUSDT,SHORT,WIN,MAX_HOLD,VALID,0.0327,0.03251,1.16207951070338,1.16207951070338,100.0,2.0,0.03597,0.0245249999999999,4.039265288888889,75.0,2026-04-29 14:59:16.504551,2026-04-29 19:01:37.859591,
ZEREBROUSDT,LONG,WIN,MAX_HOLD,WEAK,0.02148,0.023268,16.648044692737443,16.648044692737443,100.0,2.0,0.019332,0.02685,4.037998308888889,65.0,2026-04-29 14:59:21.069932,2026-04-29 19:01:37.863844,
GWEIUSDT,LONG,LOSS,SL_HIT,WEAK,0.10547,0.09426,-21.257229543946146,-21.257229543946146,100.0,2.0,0.094923,0.1318375,1.007577968611111,55.0,2026-04-29 19:15:42.403614,2026-04-29 20:16:09.684301,
JCTUSDT,LONG,LOSS,SL_HIT,WEAK,0.003804,0.00339,-21.7665615141956,-21.7665615141956,100.0,2.0,0.0034236,0.004755,1.5142122594444445,60.0,2026-04-29 19:15:37.003089,2026-04-29 20:46:28.167223,
SKYAIUSDT,SHORT,LOSS,SL_HIT,WEAK,0.23183,0.26126,-25.38929387913556,-25.38929387913556,100.0,2.0,0.255013,0.1738725,1.261023755,61.0,2026-04-29 21:01:39.876453,2026-04-29 22:17:19.561971,
AIOTUSDT,LONG,WIN,TP_HIT,WEAK,0.09673,0.12158,51.38013025948516,51.38013025948516,100.0,2.0,0.087057,0.1209124999999999,2.019171635555556,66.0,2026-04-29 21:01:38.290273,2026-04-29 23:02:47.308161,
ZEREBROUSDT,LONG,WIN,MAX_HOLD,WEAK,0.023678,0.024717,8.776079060731465,8.776079060731465,100.0,2.0,0.0213102,0.0295975,4.038466373333334,55.0,2026-04-29 19:15:38.666968,2026-04-29 23:17:57.145912,
TACUSDT,LONG,WIN,MAX_HOLD,WEAK,0.015835,0.017013,14.878433849068545,14.878433849068545,100.0,2.0,0.0142514999999999,0.01979375,4.036828618333334,60.0,2026-04-29 19:15:44.567595,2026-04-29 23:17:57.150621,
SKYAIUSDT,LONG,LOSS,SL_HIT,WEAK,0.26086,0.23248,-21.75879782258682,-21.75879782258682,100.0,2.0,0.2347739999999999,0.326075,1.0092627827777778,57.0,2026-04-29 22:17:23.808429,2026-04-29 23:17:57.154447,
NAORISUSDT,LONG,LOSS,MAX_HOLD,WEAK,0.11283,0.11013,-4.785961180537081,-4.785961180537081,100.0,2.0,0.101547,0.1410375,4.0376217025,60.0,2026-04-29 19:45:59.386318,2026-04-29 23:48:14.824447,
SOLVUSDT,LONG,WIN,MAX_HOLD,WEAK,0.004773,0.004905,5.5311125078566645,5.5311125078566645,100.0,2.0,0.0042957,0.00596625,4.0389470308333335,60.0,2026-04-29 20:31:20.036082,2026-04-30 00:33:40.245393,
UBUSDT,LONG,WIN,MAX_HOLD,WEAK,0.06542,0.06606,1.9565881993273853,1.9565881993273853,100.0,2.0,0.058878,0.081775,4.037747191944445,57.0,2026-04-29 20:31:24.361177,2026-04-30 00:33:40.251068,
DOTUSDT,LONG,LOSS,MAX_HOLD,WEAK,1.228,1.185,-7.003257328990216,-7.003257328990216,100.0,2.0,1.1052,1.535,4.0361745525,60.0,2026-04-29 21:32:02.147847,2026-04-30 01:34:12.376236,
LUMIAUSDT,LONG,LOSS,SL_HIT,WEAK,0.20879,0.18481,-22.97044877628239,-22.97044877628239,100.0,2.0,0.187911,0.2609875,2.7742053894444445,55.0,2026-04-29 23:18:03.140512,2026-04-30 02:04:30.279914,
GWEIUSDT,LONG,WIN,MAX_HOLD,WEAK,0.09305,0.09374,1.4830736163353253,1.4830736163353253,100.0,2.0,0.083745,0.1163124999999999,4.036681613333333,66.0,2026-04-29 22:17:25.722019,2026-04-30 02:19:37.775827,
NOMUSDT,LONG,LOSS,MAX_HOLD,WEAK,0.003045,0.003017,-1.8390804597701027,-1.8390804597701027,100.0,2.0,0.0027405,0.0038062499999999,4.038232659166667,56.0,2026-04-29 22:32:30.191772,2026-04-30 02:34:47.829345,
AIOTUSDT,LONG,WIN,MAX_HOLD,WEAK,0.12159,0.1237,3.47068015461798,3.47068015461798,100.0,2.0,0.109431,0.1519875,4.037196894722222,64.0,2026-04-29 23:02:49.883915,2026-04-30 03:05:03.792736,
OPENUSDT,LONG,WIN,MAX_HOLD,WEAK,0.279,0.2805,1.075268817204302,1.075268817204302,100.0,2.0,0.2511,0.34875,4.037726008333333,57.0,2026-04-29 23:17:58.526429,2026-04-30 03:20:14.340059,
ZEREBROUSDT,LONG,WIN,MAX_HOLD,WEAK,0.025675,0.026011,2.61733203505355,2.61733203505355,100.0,2.0,0.0231075,0.03209375,4.037066938055555,57.0,2026-04-29 23:33:08.048185,2026-04-30 03:35:21.489162,
SKYAIUSDT,LONG,WIN,MAX_HOLD,WEAK,0.24955,0.26764,14.498096573832894,14.498096573832894,100.0,2.0,0.224595,0.3119375,4.036339776944445,55.0,2026-04-30 00:03:25.568030,2026-04-30 04:05:36.391227,
TACUSDT,LONG,LOSS,SL_HIT,WEAK,0.01729,0.015224,-23.8982070561018,-23.8982070561018,100.0,2.0,0.015561,0.0216125,4.035605879722223,56.0,2026-04-30 00:18:37.200005,2026-04-30 04:20:45.381172,
ARBUSDT,LONG,WIN,MAX_HOLD,VALID,0.1255,0.1284,4.621513944223085,4.621513944223085,100.0,2.0,0.11295,0.156875,4.031140078055556,79.0,2026-04-30 04:36:30.315056,2026-04-30 08:38:22.419337,
ZEREBROUSDT,LONG,WIN,MAX_HOLD,WEAK,0.026228,0.030315,31.16516699710233,31.16516699710233,100.0,2.0,0.0236052,0.032785,4.030307799722222,67.0,2026-04-30 04:36:33.794733,2026-04-30 08:38:22.902812,
NAORISUSDT,LONG,WIN,MAX_HOLD,WEAK,0.11434,0.13609,38.044428896274255,38.044428896274255,100.0,2.0,0.102906,0.142925,4.030937338888889,57.0,2026-04-30 04:51:39.946214,2026-04-30 08:53:31.320634,
SOLVUSDT,LONG,LOSS,MAX_HOLD,WEAK,0.004922,0.004905,-0.6907761072734873,-0.6907761072734873,100.0,2.0,0.0044298,0.0061525,4.031827865555555,57.0,2026-04-30 05:06:43.619356,2026-04-30 09:08:38.199672,
UBUSDT,LONG,WIN,MAX_HOLD,WEAK,0.06458,0.0658,3.7782595230721534,3.7782595230721534,100.0,2.0,0.058122,0.0807249999999999,4.0313624775,60.0,2026-04-30 05:06:45.299282,2026-04-30 09:08:38.204201,
SKYAIUSDT,LONG,WIN,MAX_HOLD,WEAK,0.26617,0.30428,28.63583424127436,28.63583424127436,100.0,2.0,0.239553,0.3327125,4.031420633888889,66.0,2026-04-30 05:37:01.076591,2026-04-30 09:38:54.190873,
TACUSDT,LONG,LOSS,MAX_HOLD,WEAK,0.015995,0.015936,-0.7377305407939985,-0.7377305407939985,100.0,2.0,0.0143954999999999,0.0199937499999999,4.0328485325,55.0,2026-04-30 06:22:20.412065,2026-04-30 10:24:18.666782,
ZEREBROUSDT,LONG,LOSS,SL_HIT,WEAK,0.029935,0.026142,-25.34157340905296,-25.34157340905296,100.0,2.0,0.0269415,0.03741875,1.512127615,62.0,2026-04-30 09:08:43.619517,2026-04-30 10:39:27.278931,
ARBUSDT,LONG,LOSS,MAX_HOLD,WEAK,0.1284,0.1246,-5.919003115264773,-5.919003115264773,100.0,2.0,0.11556,0.1604999999999999,4.033542598611112,57.0,2026-04-30 08:38:25.668751,2026-04-30 12:40:26.422106,
SWARMSUSDT,LONG,LOSS,MAX_HOLD,WEAK,0.026035,0.024521,-11.630497407336264,-11.630497407336264,100.0,2.0,0.0234315,0.0325437499999999,4.033417934722222,61.0,2026-04-30 08:38:26.669387,2026-04-30 12:40:26.973952,
INTCUSDT,SHORT,LOSS,MAX_HOLD,VALID,96.42,96.46,-0.0829703381041112,-0.0829703381041112,100.0,2.0,106.062,72.315,4.032927179166667,79.0,2026-04-30 09:38:57.857628,2026-04-30 13:40:56.395473,
AIOTUSDT,LONG,LOSS,MAX_HOLD,WEAK,0.11246,0.10935,-5.5308554152587615,-5.5308554152587615,100.0,2.0,0.101214,0.140575,4.033290490555555,60.0,2026-04-30 09:54:02.943349,2026-04-30 13:56:02.789115,
NAORISUSDT,LONG,LOSS,MAX_HOLD,WEAK,0.12718,0.11837,-13.854379619436996,-13.854379619436996,100.0,2.0,0.114462,0.1589749999999999,4.03171523,57.0,2026-04-30 10:09:15.626707,2026-04-30 14:11:09.801535,
AIGENSYNUSDT,LONG,LOSS,SL_HIT,WEAK,0.05614,0.04842,-27.502671891699336,-27.502671891699336,100.0,2.0,0.050526,0.070175,3.276163720277778,59.0,2026-04-30 10:54:35.616045,2026-04-30 14:11:09.805438,
SKYAIUSDT,LONG,WIN,MAX_HOLD,WEAK,0.29575,0.30624,7.0938292476754015,7.0938292476754015,100.0,2.0,0.266175,0.3696875,4.030929100277778,57.0,2026-04-30 11:40:01.752188,2026-04-30 15:41:53.096949,
TACUSDT,LONG,WIN,MAX_HOLD,WEAK,0.016189,0.016408,2.705540799308178,2.705540799308178,100.0,2.0,0.0145700999999999,0.0202362499999999,4.031429141111111,62.0,2026-04-30 11:55:06.744427,2026-04-30 15:56:59.889335,
BIOUSDT,LONG,WIN,MAX_HOLD,WEAK,0.04096,0.04472,18.359375,18.359375,100.0,2.0,0.036864,0.0512,4.030656083611111,62.0,2026-04-30 12:40:30.174727,2026-04-30 16:42:20.536628,
ARCUSDT,SHORT,LOSS,MAX_HOLD,WEAK,0.0762,0.0767,-1.3123359580052505,-1.3123359580052505,100.0,2.0,0.08382,0.05715,4.031238302777778,61.0,2026-04-30 13:10:41.536026,2026-04-30 17:12:33.993916,
SWARMSUSDT,LONG,WIN,MAX_HOLD,WEAK,0.025944,0.026451,3.908418131359856,3.908418131359856,100.0,2.0,0.0233495999999999,0.03243,4.0301898325000005,59.0,2026-04-30 13:56:05.376451,2026-04-30 17:57:54.059848,
AIGENSYNUSDT,SHORT,WIN,MAX_HOLD,VALID,0.04728,0.04565,6.895093062605751,6.895093062605751,100.0,2.0,0.052008,0.03546,4.030533752222222,71.0,2026-04-30 14:41:24.640471,2026-04-30 18:43:14.561979,
ZEREBROUSDT,LONG,WIN,MAX_HOLD,WEAK,0.024624,0.025292,5.425601039636114,5.425601039636114,100.0,2.0,0.0221616,0.03078,4.029519139166666,56.0,2026-04-30 15:11:42.048000,2026-04-30 19:13:28.316901,
BIOUSDT,LONG,LOSS,SL_HIT,WEAK,0.04462,0.04012,-20.17032720753024,-20.17032720753024,100.0,2.0,0.040158,0.055775,2.769864268611111,57.0,2026-04-30 16:42:23.721438,2026-04-30 19:28:35.232805,
SKYAIUSDT,LONG,WIN,MAX_HOLD,WEAK,0.30603,0.31602,6.528771689050092,6.528771689050092,100.0,2.0,0.275427,0.3825375,4.029148745277777,56.0,2026-04-30 15:41:57.091724,2026-04-30 19:43:42.027207,
RIVERUSDT,LONG,LOSS,SL_HIT,VALID,7.169,6.222,-26.419305342446624,-26.419305342446624,100.0,2.0,6.4521,8.96125,3.527050773611111,55.0,2026-04-30 21:48:52.903989,2026-05-01 01:20:30.286774,
BRUSDT,LONG,WIN,TP_HIT,VALID,0.13102,0.16388,50.16028087314914,50.16028087314914,100.0,2.0,0.117918,0.163775,4.031493022222222,60.0,2026-04-30 21:48:51.300717,2026-05-01 01:50:44.675597,
TAGUSDT,LONG,LOSS,MAX_HOLD,VALID,0.0007031,0.0006718,-8.903427677428546,-8.903427677428546,100.0,2.0,0.00063279,0.000878875,4.035858853611111,67.0,2026-05-01 01:51:23.548104,2026-05-01 05:53:32.639977,
BRUSDT,LONG,WIN,MAX_HOLD,VALID,0.16457,0.16466,0.1093759494440137,0.1093759494440137,100.0,2.0,0.148113,0.2057125,4.035198008333333,70.0,2026-05-01 01:51:25.934113,2026-05-01 05:53:32.646943,
BLUAIUSDT,LONG,WIN,MAX_HOLD,VALID,0.013761,0.013916,2.252743259937488,2.252743259937488,100.0,2.0,0.0123849,0.01720125,4.034835360833333,55.0,2026-05-01 01:51:27.243869,2026-05-01 05:53:32.651168,
SKYAIUSDT,LONG,WIN,MAX_HOLD,VALID,0.34131,0.35259,6.609826843631896,6.609826843631896,100.0,2.0,0.307179,0.4266375,4.034547420555556,58.0,2026-05-01 01:51:28.284744,2026-05-01 05:53:32.655458,
NAORISUSDT,LONG,WIN,MAX_HOLD,VALID,0.12701,0.13495,12.50295252342331,12.50295252342331,100.0,2.0,0.114309,0.1587625,4.033963026944444,58.0,2026-05-01 01:51:30.392560,2026-05-01 05:53:32.659457,
BIOUSDT,LONG,LOSS,MAX_HOLD,VALID,0.04354,0.04145,-9.600367478180988,-9.600367478180988,100.0,2.0,0.039186,0.054425,4.033683007777777,51.0,2026-05-01 01:51:31.404396,2026-05-01 05:53:32.663224,
AKEUSDT,LONG,LOSS,MAX_HOLD,VALID,0.0003276,0.0003168,-6.593406593406588,-6.593406593406588,100.0,2.0,0.00029484,0.0004095,4.035175784444444,55.0,2026-05-01 02:36:53.448572,2026-05-01 06:39:00.081396,
USTCUSDT,LONG,LOSS,MAX_HOLD,VALID,0.006863,0.006796,-1.952498907183453,-1.952498907183453,100.0,2.0,0.0061767,0.00857875,4.035157377222222,55.0,2026-05-01 03:07:10.930300,2026-05-01 07:09:17.496858,
GWEIUSDT,LONG,WIN,MAX_HOLD,VALID,0.10914,0.10949,0.6413780465457267,0.6413780465457267,100.0,2.0,0.098226,0.136425,4.036527511388889,73.0,2026-05-01 08:26:53.291529,2026-05-01 12:29:04.790570,
BIOUSDT,LONG,LOSS,MAX_HOLD,VALID,0.04373,0.04182,-8.735421907157535,-8.735421907157535,100.0,2.0,0.0393569999999999,0.0546624999999999,4.0354433175,64.0,2026-05-01 08:26:57.201270,2026-05-01 12:29:04.797213,
SKYAIUSDT,LONG,WIN,MAX_HOLD,VALID,0.37596,0.38425,4.41004362166186,4.41004362166186,100.0,2.0,0.338364,0.46995,4.035233721666667,62.0,2026-05-01 08:42:05.554064,2026-05-01 12:44:12.395462,
TAGUSDT,LONG,WIN,MAX_HOLD,VALID,0.0006959,0.0007024,1.8680844948987223,1.8680844948987223,100.0,2.0,0.0006263099999999,0.000869875,4.034836239722222,63.0,2026-05-01 08:42:06.988938,2026-05-01 12:44:12.399401,
ENSOUSDT,LONG,LOSS,MAX_HOLD,VALID,1.0517,1.0465,-0.9888751545117604,-0.9888751545117604,100.0,2.0,0.94653,1.3146250000000002,4.035672108611111,56.0,2026-05-01 08:57:11.386239,2026-05-01 12:59:19.805830,
ORCAUSDT,LONG,WIN,MAX_HOLD,VALID,1.962,1.975,1.3251783893985851,1.3251783893985851,100.0,2.0,1.7658,2.4525,4.0353130425,59.0,2026-05-01 08:57:12.682988,2026-05-01 12:59:19.809941,
TACUSDT,LONG,LOSS,MAX_HOLD,VALID,0.018529,0.017814,-7.717631820389663,-7.717631820389663,100.0,2.0,0.0166761,0.02316125,4.034272168333334,59.0,2026-05-01 10:58:20.785990,2026-05-01 15:00:24.165796,
SKYAIUSDT,LONG,LOSS,MAX_HOLD,VALID,0.38448,0.38276,-0.8947149396587596,-0.8947149396587596,100.0,2.0,0.346032,0.4805999999999999,4.035241622222222,55.0,2026-05-01 12:44:16.452961,2026-05-01 16:46:23.322801,
PENDLEUSDT,LONG,WIN,MAX_HOLD,VALID,1.4798,1.499,2.594945262873376,2.594945262873376,100.0,2.0,1.33182,1.84975,4.036044446388889,55.0,2026-05-01 12:59:20.300555,2026-05-01 17:01:30.060562,
ZEREBROUSDT,LONG,LOSS,MAX_HOLD,VALID,0.032329,0.0319,-2.6539639333106426,-2.6539639333106426,100.0,2.0,0.0290960999999999,0.0404112499999999,4.035693326666666,67.0,2026-05-01 12:59:21.568667,2026-05-01 17:01:30.064643,
ORCAUSDT,LONG,LOSS,MAX_HOLD,VALID,1.984,1.928,-5.645161290322586,-5.645161290322586,100.0,2.0,1.7856,2.48,4.035283621666667,51.0,2026-05-01 12:59:23.047255,2026-05-01 17:01:30.068293,
GENIUSUSDT,LONG,LOSS,MAX_HOLD,VALID,0.528,0.511,-6.439393939393945,-6.439393939393945,100.0,2.0,0.4752,0.66,4.034593522222222,56.0,2026-05-01 12:59:25.534928,2026-05-01 17:01:30.071608,
TAGUSDT,LONG,LOSS,,,0.0007,0.0007,-8.9,0.0,0.0,0.0,0.0,0.0,0.0,67.0,2026-05-01 01:51:23.000000,2026-05-01 05:53:32.000000,
BRUSDT,LONG,WIN,,,0.1646,0.1647,0.11,0.0,0.0,0.0,0.0,0.0,0.0,70.0,2026-05-01 01:51:25.000000,2026-05-01 05:53:32.000000,
BLUAIUSDT,LONG,WIN,,,0.0138,0.0139,2.25,0.0,0.0,0.0,0.0,0.0,0.0,55.0,2026-05-01 01:51:27.000000,2026-05-01 05:53:32.000000,
SKYAIUSDT,LONG,WIN,,,0.3413,0.3526,6.61,0.0,0.0,0.0,0.0,0.0,0.0,58.0,2026-05-01 01:51:28.000000,2026-05-01 05:53:32.000000,
NAORISUSDT,LONG,WIN,,,0.127,0.1349,12.5,0.0,0.0,0.0,0.0,0.0,0.0,58.0,2026-05-01 01:51:30.000000,2026-05-01 05:53:32.000000,
BIOUSDT,LONG,LOSS,,,0.0435,0.0415,-9.6,0.0,0.0,0.0,0.0,0.0,0.0,51.0,2026-05-01 01:51:31.000000,2026-05-01 05:53:32.000000,
AKEUSDT,LONG,LOSS,,,0.0003,0.0003,-6.59,0.0,0.0,0.0,0.0,0.0,0.0,55.0,2026-05-01 02:36:53.000000,2026-05-01 06:39:00.000000,
USTCUSDT,LONG,LOSS,,,0.0069,0.0068,-1.95,0.0,0.0,0.0,0.0,0.0,0.0,55.0,2026-05-01 03:07:10.000000,2026-05-01 07:09:17.000000,
BSBUSDT,LONG,WIN,,,0.5934,0.7439,149.57,0.0,0.0,0.0,0.0,0.0,0.0,69.0,2026-05-01 03:52:31.000000,2026-05-03 02:24:56.000000,
ENSOUSDT,LONG,LOSS,,,1.0084,1.0465,-0.99,0.0,0.0,0.0,0.0,0.0,0.0,62.0,2026-05-01 04:07:37.000000,2026-05-01 12:59:19.000000,
SKYAIUSDT,LONG,WIN,,,0.3534,0.3842,4.41,0.0,0.0,0.0,0.0,0.0,0.0,54.0,2026-05-01 05:53:40.000000,2026-05-01 12:44:12.000000,
TAGUSDT,LONG,WIN,,,0.0007,0.0007,1.87,0.0,0.0,0.0,0.0,0.0,0.0,56.0,2026-05-01 06:08:44.000000,2026-05-01 12:44:12.000000,
TACUSDT,LONG,LOSS,,,0.0186,0.0178,-7.72,0.0,0.0,0.0,0.0,0.0,0.0,60.0,2026-05-01 06:08:50.000000,2026-05-01 15:00:24.000000,
GWEIUSDT,LONG,WIN,,,0.1091,0.1095,0.64,0.0,0.0,0.0,0.0,0.0,0.0,73.0,2026-05-01 08:26:53.000000,2026-05-01 12:29:04.000000,
BIOUSDT,LONG,LOSS,,,0.0437,0.0418,-8.74,0.0,0.0,0.0,0.0,0.0,0.0,64.0,2026-05-01 08:26:57.000000,2026-05-01 12:29:04.000000,
SKYAIUSDT,LONG,LOSS,,,0.376,0.3828,-0.89,0.0,0.0,0.0,0.0,0.0,0.0,62.0,2026-05-01 08:42:05.000000,2026-05-01 16:46:23.000000,
TAGUSDT,LONG,WIN,,,0.0007,0.0009,35.34,0.0,0.0,0.0,0.0,0.0,0.0,63.0,2026-05-01 08:42:06.000000,2026-05-02 15:53:36.000000,
ORCAUSDT,LONG,WIN,,,1.962,1.975,1.33,0.0,0.0,0.0,0.0,0.0,0.0,59.0,2026-05-01 08:57:12.000000,2026-05-01 12:59:19.000000,
SKYAIUSDT,LONG,WIN,,,0.3845,0.4747,40.32,0.0,0.0,0.0,0.0,0.0,0.0,55.0,2026-05-01 12:44:16.000000,2026-05-03 02:09:47.000000,
PENDLEUSDT,LONG,WIN,,,1.4798,1.499,2.59,0.0,0.0,0.0,0.0,0.0,0.0,55.0,2026-05-01 12:59:20.000000,2026-05-01 17:01:30.000000,
ZEREBROUSDT,LONG,LOSS,,,0.0323,0.0319,-2.65,0.0,0.0,0.0,0.0,0.0,0.0,67.0,2026-05-01 12:59:21.000000,2026-05-01 17:01:30.000000,
ORCAUSDT,LONG,LOSS,,,1.984,1.928,-5.65,0.0,0.0,0.0,0.0,0.0,0.0,51.0,2026-05-01 12:59:23.000000,2026-05-01 17:01:30.000000,
GENIUSUSDT,LONG,LOSS,,,0.528,0.511,-6.44,0.0,0.0,0.0,0.0,0.0,0.0,56.0,2026-05-01 12:59:25.000000,2026-05-01 17:01:30.000000,
TAGUSDT,LONG,WIN,,,0.0007,0.0012,140.15,0.0,0.0,0.0,0.0,0.0,0.0,94.0,2026-05-01 13:59:57.000000,2026-05-02 19:39:49.000000,
NFPUSDT,LONG,WIN,,,0.0156,0.0176,67.48,0.0,0.0,0.0,0.0,0.0,0.0,55.0,2026-05-01 16:31:20.000000,2026-05-02 16:08:44.000000,
UBUSDT,LONG,WIN,,,0.0939,0.1563,42.75,0.0,0.0,0.0,0.0,0.0,0.0,55.0,2026-05-01 17:01:32.000000,2026-05-02 16:53:57.000000,
BUSDT,LONG,WIN,,,0.216,0.3467,10.39,0.0,0.0,0.0,0.0,0.0,0.0,64.0,2026-05-01 17:36:18.000000,2026-05-02 19:54:58.000000,
UBUSDT,LONG,LOSS,,,0.1018,0.139,-55.96,0.0,0.0,0.0,0.0,0.0,0.0,55.0,2026-05-01 17:36:22.000000,2026-05-02 18:09:19.000000,
TAGUSDT,LONG,WIN,,,0.0008,0.0018,276.23,0.0,0.0,0.0,0.0,0.0,0.0,52.0,2026-05-01 18:36:51.000000,2026-05-02 23:23:56.000000,
TAGUSDT,LONG,LOSS,,,0.0008,0.0016,-173.31,0.0,0.0,0.0,0.0,0.0,0.0,52.0,2026-05-01 19:47:56.000000,2026-05-03 00:39:20.000000,
TAGUSDT,LONG,LOSS,,,0.0008,0.0011,-163.98,0.0,0.0,0.0,0.0,0.0,0.0,57.0,2026-05-01 20:48:10.000000,2026-05-03 05:56:00.000000,
BUSDT,LONG,LOSS,,,0.2527,0.3313,-160.51,0.0,0.0,0.0,0.0,0.0,0.0,64.0,2026-05-01 20:48:15.000000,2026-05-03 00:54:25.000000,
ONUSDT,LONG,LOSS,,,0.1407,0.1323,-113.53,0.0,0.0,0.0,0.0,0.0,0.0,62.0,2026-05-01 23:21:23.000000,2026-05-02 14:08:04.000000,
ONUSDT,LONG,WIN,,,0.1373,0.1362,1.63,0.0,0.0,0.0,0.0,0.0,0.0,59.0,2026-05-02 01:54:21.000000,2026-05-02 19:09:37.000000,
LABUSDT,LONG,WIN,,,0.8297,2.1403,318.81,0.0,0.0,0.0,0.0,0.0,0.0,65.0,2026-05-02 02:56:08.000000,2026-05-02 12:52:42.000000,
LABUSDT,LONG,LOSS,,,0.8801,1.7988,-164.64,0.0,0.0,0.0,0.0,0.0,0.0,64.0,2026-05-02 03:42:09.000000,2026-05-02 13:22:52.000000,
LABUSDT,LONG,WIN,,,0.8956,2.0575,187.18,0.0,0.0,0.0,0.0,0.0,0.0,56.0,2026-05-02 04:58:23.000000,2026-05-02 18:39:29.000000,
BLESSUSDT,LONG,LOSS,,,0.0069,0.007,-1.43,0.0,0.0,0.0,0.0,0.0,0.0,73.0,2026-05-02 08:17:26.000000,2026-05-02 19:54:58.000000,
IRYSUSDT,LONG,WIN,,,0.042,0.0429,14.64,0.0,0.0,0.0,0.0,0.0,0.0,54.0,2026-05-02 10:19:13.000000,2026-05-02 15:53:35.000000,
CHRUSDT,LONG,WIN,,,0.0278,0.0277,9.58,0.0,0.0,0.0,0.0,0.0,0.0,57.0,2026-05-02 10:31:40.000000,2026-05-02 15:53:34.000000,
IRYSUSDT,LONG,LOSS,,,0.0419,0.0437,-0.93,0.0,0.0,0.0,0.0,0.0,0.0,54.0,2026-05-02 10:31:45.000000,2026-05-02 20:55:18.000000,
KNCUSDT,LONG,LOSS,,,0.1782,0.1726,-15.71,0.0,0.0,0.0,0.0,0.0,0.0,55.0,2026-05-02 11:37:21.000000,2026-05-02 15:38:28.000000,
CHILLGUYUSDT,LONG,WIN,,,0.0132,0.014,29.64,0.0,0.0,0.0,0.0,0.0,0.0,57.0,2026-05-02 15:38:32.000000,2026-05-02 19:39:49.000000,
BIOUSDT,LONG,WIN,,,0.048,0.053,105.09,0.0,0.0,0.0,0.0,0.0,0.0,60.0,2026-05-02 15:53:38.000000,2026-05-02 19:54:57.000000,
KNCUSDT,LONG,LOSS,,,0.1612,0.1669,-15.82,0.0,0.0,0.0,0.0,0.0,0.0,52.0,2026-05-02 19:39:52.000000,2026-05-03 06:11:07.000000,
CHILLGUYUSDT,LONG,WIN,,,0.014,0.0147,3.95,0.0,0.0,0.0,0.0,0.0,0.0,59.0,2026-05-02 19:39:54.000000,2026-05-03 02:09:48.000000,
BIOUSDT,LONG,LOSS,,,0.053,0.0571,-108.02,0.0,0.0,0.0,0.0,0.0,0.0,60.0,2026-05-02 19:55:00.000000,2026-05-02 22:53:46.000000,
SPACEUSDT,LONG,LOSS,,,0.0081,0.0082,-11.1,0.0,0.0,0.0,0.0,0.0,0.0,61.0,2026-05-02 19:55:01.000000,2026-05-03 02:09:49.000000,
BSBUSDT,LONG,LOSS,,,0.5916,0.6638,-108.59,0.0,0.0,0.0,0.0,0.0,0.0,56.0,2026-05-02 20:55:19.000000,2026-05-03 05:10:47.000000,
JCTUSDT,LONG,LOSS,,,0.0038,0.0035,-36.96,0.0,0.0,0.0,0.0,0.0,0.0,55.0,2026-05-02 22:04:26.000000,2026-05-03 02:09:46.000000,
SPACEUSDT,LONG,WIN,,,0.0083,0.0092,45.53,0.0,0.0,0.0,0.0,0.0,0.0,57.0,2026-05-02 22:04:30.000000,2026-05-03 06:41:18.000000,
BIOUSDT,LONG,WIN,,,0.0651,0.0582,3.51,0.0,0.0,0.0,0.0,0.0,0.0,60.0,2026-05-02 22:04:33.000000,2026-05-03 04:10:28.000000,
ORDIUSDT,LONG,WIN,,,5.363,5.737,104.61,0.0,0.0,0.0,0.0,0.0,0.0,70.0,2026-05-02 22:08:32.000000,2026-05-03 02:09:48.000000,
XNYUSDT,LONG,WIN,,,0.0072,0.0079,90.6,0.0,0.0,0.0,0.0,0.0,0.0,64.0,2026-05-02 22:53:49.000000,2026-05-03 02:55:05.000000,
RAVEUSDT,LONG,LOSS,SL_HIT,VALID,0.8544,0.7665,-103.97174034555216,-20.57584269662923,505.3097551265056,2.0,0.7689600000000001,1.068,6.536043710277777,66.0,2026-05-10 03:35:45.317189,2026-05-10 10:07:55.074546,
INXUSDT,LONG,LOSS,SL_HIT,VALID,0.017746,0.015356,-144.3577149559892,-26.935647469852377,535.935566863804,2.0,0.0159714,0.0221825,3.833260815,60.0,2026-05-10 06:48:08.223683,2026-05-10 10:38:07.962617,
AZTECUSDT,LONG,LOSS,SL_HIT,VALID,0.02583,0.02324,-90.50286444058464,-20.05420054200541,451.2913105212939,2.0,0.023247,0.0322875,37.25391300166667,60.0,2026-05-08 22:08:12.506425,2026-05-10 11:23:26.593231,
BSBUSDT,LONG,LOSS,SL_HIT,VALID,0.63633,0.56615,-101.91716350227532,-22.05773733754496,462.0472260715512,2.0,0.572697,0.7954125,41.52896774277777,61.0,2026-05-08 18:21:53.101025,2026-05-10 11:53:37.384899,
FLOCKUSDT,LONG,LOSS,MAX_HOLD,VALID,0.07697,0.07685,-1.559048980122062,-0.3118097960244124,500.0,2.0,0.069273,0.0962124999999999,68.92423937611112,67.0,2026-05-07 15:13:17.019499,2026-05-10 12:08:44.281253,
MITOUSDT,LONG,LOSS,SL_HIT,VALID,0.07664,0.06894,-101.53666791425084,-20.09394572025052,505.3097551265056,2.0,0.068976,0.0958,11.0654628225,66.0,2026-05-10 02:35:21.003951,2026-05-10 13:39:16.670112,
CHIPUSDT,LONG,LOSS,MAX_HOLD,VALID,0.06327,0.06225,-15.512308522863409,-3.2242769084874565,481.1096863929222,2.0,0.056943,0.0790875,48.06561523972222,60.0,2026-05-08 13:50:26.002968,2026-05-10 13:54:22.217831,
BILLUSDT,LONG,LOSS,SL_HIT,VALID,0.1188,0.10335,-131.4315777222982,-26.010101010101017,505.3097551265056,2.0,0.10692,0.1485,11.316860150833334,68.0,2026-05-10 02:35:22.551552,2026-05-10 13:54:23.248095,
SPORTFUNUSDT,LONG,LOSS,MAX_HOLD,VALID,0.07854,0.07366,-56.08101847068786,-12.42678889737712,451.2913105212939,2.0,0.070686,0.098175,48.06995478333333,61.0,2026-05-08 21:53:05.535727,2026-05-10 21:57:17.372947,
PLAYUSDT,LONG,LOSS,SL_HIT,VALID,0.10779,0.09664,-104.54037980629992,-20.68837554504127,505.3097551265056,2.0,0.097011,0.1347375,23.890427196111112,65.0,2026-05-10 02:35:24.144413,2026-05-11 02:28:49.682319,
ONDOUSDT,LONG,LOSS,MAX_HOLD,VALID,0.4396,0.4113,-56.757003883168174,-12.87534121929026,440.81941531874094,2.0,0.39564,0.5495,48.0648540875,60.0,2026-05-09 03:40:16.927709,2026-05-11 03:44:10.402424,
AKTUSDT,LONG,LOSS,MAX_HOLD,VALID,0.7479,0.7294,-21.808153986887792,-4.947185452600604,440.81941531874094,2.0,0.67311,0.934875,50.07805929444445,60.0,2026-05-09 01:54:34.731104,2026-05-11 03:59:15.744564,
GALAUSDT,LONG,LOSS,MAX_HOLD,VALID,0.00401,0.003971,-13.03280418860504,-2.917705735660846,446.6798700538996,3.0,0.003609,0.0050125,51.337173665555554,72.0,2026-05-09 00:39:02.719529,2026-05-11 03:59:16.544725,
INXUSDT,LONG,LOSS,SL_HIT,VALID,0.015757,0.01385,-120.0162158016426,-24.205115186901068,495.8299717846045,2.0,0.0141813,0.01969625,15.588185495555557,68.0,2026-05-10 15:24:58.091619,2026-05-11 07:00:15.559403,
PTBUSDT,LONG,LOSS,SL_HIT,VALID,0.001043,0.0009385,-106.2805494687049,-20.03835091083415,530.3857085926273,2.0,0.0009387,0.00130375,34.4528160525,64.0,2026-05-09 23:49:09.849375,2026-05-11 10:16:19.987164,
TSTUSDT,LONG,LOSS,MAX_HOLD,VALID,0.021259,0.020834,-27.711097099639225,-5.997459899336777,462.0472260715512,3.0,0.0191331,0.02657375,64.15917704305556,72.0,2026-05-08 18:36:57.086032,2026-05-11 10:46:30.123387,
PLUMEUSDT,LONG,LOSS,MAX_HOLD,VALID,0.01597,0.01512,-49.17598780443021,-10.644959298685055,461.96501484514647,2.0,0.014373,0.0199625,48.05662664111111,61.0,2026-05-09 12:43:45.745769,2026-05-11 12:47:09.601677,
BILLUSDT,LONG,WIN,TP_HIT,VALID,0.10871,0.13689,257.0598584286664,51.84435654493609,495.8299717846045,2.0,0.097839,0.1358875,28.656551521944444,61.0,2026-05-10 15:09:50.609228,2026-05-11 19:49:14.194707,
JUPUSDT,LONG,LOSS,MAX_HOLD,VALID,0.2422,0.2402,-7.280254588253365,-1.651527663088358,440.81941531874094,2.0,0.21798,0.30275,67.63295993722222,64.0,2026-05-09 01:54:37.042906,2026-05-11 21:32:35.698680,
BUSDT,LONG,WIN,TP_HIT,VALID,0.4647,0.6117,296.12563914391177,63.2666236281472,468.05981125910125,2.0,0.41823,0.580875,5.239693415833333,62.0,2026-05-11 16:18:13.611185,2026-05-11 21:32:36.507482,
币安人生USDT,LONG,LOSS,SL_HIT,VALID,0.45174,0.40483,-102.39450102976392,-20.768583698587666,493.02592086107006,2.0,0.406566,0.5646749999999999,21.093670233055555,66.0,2026-05-11 00:43:15.360961,2026-05-11 21:48:52.573800,
SAHARAUSDT,LONG,LOSS,MAX_HOLD,VALID,0.03722,0.03719,-1.1364253801424338,-0.2418054809242524,469.97502943220246,3.0,0.033498,0.046525,49.78784510055555,71.0,2026-05-09 20:16:41.823508,2026-05-11 22:03:58.065870,
ZEREBROUSDT,LONG,LOSS,MAX_HOLD,VALID,0.046035,0.045241,-16.36057656178106,-3.4495492560008523,474.2815755803493,2.0,0.0414315,0.05754375,58.34245078083333,64.0,2026-05-09 13:59:15.853222,2026-05-12 00:19:48.676033,
GTCUSDT,LONG,WIN,TP_HIT,VALID,0.13334,0.16768,378.717503079252,77.26113694315288,490.1785270878222,3.0,0.12000599999999999,0.166675,3.0174136866666665,74.0,2026-05-11 22:19:07.845221,2026-05-12 01:20:10.534493,"{'symbol': 'GTCUSDT', 'basic_indicators': {'emas': {20: np.float64(0.1203), 50: np.float64(0.1136), 200: None}, 'rsi_value': np.float64(80.1), 'rsi_signal': 'OVERBOUGHT', 'rsi_overbought': np.True_, 'rsi_oversold': np.False_, 'atr_value': np.float64(0.0047), 'atr_percent': np.float64(3.5248), 'volume_current': np.float64(11552569.6), 'volume_average': np.float64(12465629.56), 'volume_ratio': np.float64(0.93), 'volume_is_high': np.False_, 'ma_aligned': True, 'ma_direction': 'BULLISH', 'trend': 'BULLISH', 'module': 'basic_indicators', 'category': 'classic', 'is_implemented': True, 'error': False}, 'bollinger_bands': {'bb_upper': np.float64(0.1296), 'bb_middle': np.float64(0.1208), 'bb_lower': np.float64(0.1119), 'bb_width': np.float64(14.6533), 'bb_percent_b': np.float64(1.21), 'bb_position': 'above_upper', 'bb_squeeze': np.False_, 'bb_expansion': np.False_, 'module': 'bollinger_bands', 'category': 'classic', 'is_implemented': True, 'error': False}, 'macd_indicator': {'macd_line': np.float64(0.004523), 'signal_line': np.float64(0.004067), 'histogram': np.float64(0.000455), 'cross': 'BULLISH', 'zero_cross': 'ABOVE', 'momentum': 'INCREASING', 'module': 'macd_indicator', 'category': 'classic', 'is_implemented': True, 'error': False}, 'vwap_calculator': {'vwap': np.float64(0.1188), 'vwap_upper1': np.float64(0.1216), 'vwap_lower1': np.float64(0.116), 'vwap_upper2': np.float64(0.1244), 'vwap_lower2': np.float64(0.1132), 'vwap_position': 'FAR_ABOVE', 'vwap_diff_pct': np.float64(12.239), 'module': 'vwap_calculator', 'category': 'classic', 'is_implemented': True, 'error': False}, 'volume_profile': {'poc': np.float64(0.1225), 'vah': np.float64(0.1261), 'val': np.float64(0.1144), 'price_zone': 'PREMIUM', 'midpoint': np.float64(0.1158), 'module': 'volume_profile', 'category': 'classic', 'is_implemented': True, 'error': False}, 'stochastic_rsi': {'stoch_k': np.float64(60.29), 'stoch_d': np.float64(39.15), 'stoch_signal': 'NEUTRAL', 'stoch_cross': 'BULLISH', 'stoch_overbought': np.False_, 'stoch_oversold': np.False_, 'module': 'stochastic_rsi', 'category': 'classic', 'is_implemented': True, 'error': False}, 'fvg_detector': {'fvg_count': 3, 'fvg_bullish_count': 3, 'fvg_bearish_count': 0, 'fvg_present': True, 'fvg_nearest_type': 'BULLISH', 'fvg_nearest_top': np.float64(0.1215), 'fvg_nearest_bottom': np.float64(0.1188), 'fvg_nearest_quality': 'HIGH', 'fvg_list': [{'type': 'BULLISH', 'top': np.float64(0.1215), 'bottom': np.float64(0.1188), 'gap_pct': np.float64(2.255), 'quality': 'HIGH', 'filled': False}, {'type': 'BULLISH', 'top': np.float64(0.1107), 'bottom': np.float64(0.1061), 'gap_pct': np.float64(4.271), 'quality': 'HIGH', 'filled': False}, {'type': 'BULLISH', 'top': np.float64(0.1054), 'bottom': np.float64(0.1049), 'gap_pct': np.float64(0.476), 'quality': 'MEDIUM', 'filled': False}], 'module': 'fvg_detector', 'category': 'ict', 'is_implemented': True, 'error': False}, 'orderblock_detector': {'ob_count': 8, 'ob_bullish_count': 5, 'ob_bearish_count': 3, 'ob_present': True, 'ob_nearest_type': 'BEARISH', 'ob_nearest_top': np.float64(0.1296), 'ob_nearest_bottom': np.float64(0.1215), 'ob_nearest_fresh': False, 'ob_list': [{'type': 'BULLISH', 'top': np.float64(0.1222), 'bottom': np.float64(0.1181), 'fresh': False, 'strength': np.float64(3.78)}, {'type': 'BEARISH', 'top': np.float64(0.1248), 'bottom': np.float64(0.1206), 'fresh': False, 'strength': np.float64(3.48)}, {'type': 'BEARISH', 'top': np.float64(0.1296), 'bottom': np.float64(0.1215), 'fresh': False, 'strength': np.float64(1.93)}, {'type': 'BULLISH', 'top': np.float64(0.1177), 'bottom': np.float64(0.1131), 'fresh': False, 'strength': np.float64(3.15)}, {'type': 'BEARISH', 'top': np.float64(0.125), 'bottom': np.float64(0.1107), 'fresh': False, 'strength': np.float64(4.16)}], 'module': 'orderblock_detector', 'category': 'ict', 'is_implemented': True, 'error': False}, 'liquidity_sweeps': {'sweep_detected': np.False_, 'sweep_direction': None, 'bull_sweep': np.False_, 'bear_sweep': np.False_, 'bull_sweep_level': None, 'bear_sweep_level': None, 'swing_highs': [np.float64(0.1062), np.float64(0.1074), np.float64(0.125)], 'swing_lows': [np.float64(0.1023), np.float64(0.1023), np.float64(0.1048)], 'idm_level': None, 'module': 'liquidity_sweeps', 'category': 'ict', 'is_implemented': True, 'error': False}, 'premium_discount': {'price_zone': 'PREMIUM', 'range_high': np.float64(0.1335), 'range_low': np.float64(0.1107), 'premium_level': np.float64(0.1248), 'discount_level': np.float64(0.1194), 'midpoint': np.float64(0.1221), 'fib_position': np.float64(0.9943), 'module': 'premium_discount', 'category': 'ict', 'is_implemented': True, 'error': False}, 'daily_levels': {'pdh': np.float64(0.1028), 'pdl': np.float64(0.0982), 'above_pdh': np.True_, 'below_pdl': np.False_, 'in_range': False, 'dist_to_pdh_pct': np.float64(29.7082), 'dist_to_pdl_pct': np.float64(35.7841), 'approaching_pdh': False, 'approaching_pdl': np.False_, 'pdh_swept': np.False_, 'pdl_swept': np.False_, 'pdh_rejected': False, 'pdl_rejected': False, 'level_context': 'ABOVE_PDH', 'module': 'daily_levels', 'category': 'ict', 'is_implemented': True, 'error': False}, 'consolidation_detector': {'consolidating': np.False_, 'range_high': np.float64(0.1335), 'range_low': np.float64(0.1023), 'range_size': np.float64(0.0312), 'atr': np.float64(0.0047), 'quality': 0, 'duration_candles': 16, 'module': 'consolidation_detector', 'category': 'ict', 'is_implemented': True, 'error': False}, 'breakout_detector': {'breakout_detected': False, 'breakout_direction': None, 'volume_confirmed': np.False_, 'volume_ratio': np.float64(0.93), 'range_high_20': np.float64(0.1335), 'range_low_20': np.float64(0.1107), 'module': 'breakout_detector', 'category': 'ict', 'is_implemented': True, 'error': False}, 'htf_structure': {'module': 'htf_structure', 'category': 'ict', 'is_implemented': False, 'skipped': True, 'reason': 'Module not yet implemented'}, 'funding_rate': {'funding_rate': 0.0, 'funding_avg': 0.0, 'sentiment': 'NEUTRAL', 'is_extreme': False, 'contrarian_bias': 'NEUTRAL', 'module': 'funding_rate', 'category': 'orderflow', 'is_implemented': True, 'error': False}, 'open_interest': {'oi_current': 0, 'oi_change_pct': 0, 'oi_rising': False, 'oi_falling': False, 'oi_signal': 'NEUTRAL', 'oi_bias': 'NEUTRAL', 'price_change_pct': 0, 'module': 'open_interest', 'category': 'orderflow', 'is_implemented': True, 'error': False}, 'mss_detector': {'mss_structure': 'BULLISH', 'bos_detected': True, 'bos_direction': 'BULLISH', 'choch_detected': False, 'choch_direction': None, 'choch_strength': 'NONE', 'last_swing_high': np.float64(0.1296), 'last_swing_low': np.float64(0.1023), 'signal_strength': 2, 'swing_count': 10, 'module': 'mss_detector', 'category': 'ict', 'is_implemented': True, 'error': False}, 'momentum_classifier': {'momentum': 'STRONG_BULLISH', 'momentum_direction': 'BULLISH', 'momentum_strength': 3, 'fast_return_pct': np.float64(11.4603), 'slow_return_pct': np.float64(6.2639), 'bull_candle_pct': 80.0, 'volume_momentum': np.float64(0.96), 'upper_wick_pct': np.float64(1.4), 'lower_wick_pct': np.float64(1.5), 'rejection_signal': None, 'module': 'momentum_classifier', 'category': 'context', 'is_implemented': True, 'error': False}, 'candle_pattern': {'patterns_detected': ['BULLISH_MARUBOZU'], 'primary_pattern': 'BULLISH_MARUBOZU', 'pattern_signal': 'BULLISH', 'pattern_strength': 'STRONG', 'body_pct': np.float64(0.971), 'upper_wick_pct': np.float64(0.014), 'lower_wick_pct': np.float64(0.015), 'is_bullish_candle': np.True_, 'is_bearish_candle': np.False_, 'module': 'candle_pattern', 'category': 'context', 'is_implemented': True, 'error': False}, 'fear_greed_index': {'fng_value': 48, 'fng_classification': 'Neutral', 'fng_sentiment': 'NEUTRAL', 'fng_bias': 'NEUTRAL', 'fng_strength': 0, 'fng_prev_value': 47, 'fng_change': 1, 'fng_trending': 'STABLE', 'module': 'fear_greed_index', 'category': 'context', 'is_implemented': True, 'error': False}, 'cvd_analyzer': {'cvd_value': 0, 'cvd_ratio': 0.5, 'buy_volume': 0, 'sell_volume': 0, 'cvd_signal': 'NEUTRAL', 'cvd_bias': 'NEUTRAL', 'cvd_divergence': False, 'price_change_pct': 0, 'module': 'cvd_analyzer', 'category': 'orderflow', 'is_implemented': True, 'error': False}, 'orderbook_imbalance': {'bid_volume': 0, 'ask_volume': 0, 'bid_ask_ratio': 1.0, 'bid_pct': 50, 'ask_pct': 50, 'ob_signal': 'BALANCED', 'ob_bias': 'NEUTRAL', 'best_bid': 0, 'best_ask': 0, 'spread_pct': 0, 'module': 'orderbook_imbalance', 'category': 'orderflow', 'is_implemented': True, 'error': False}, 'spike_classifier': {'spike_detected': True, 'spike_magnitude': np.float64(2.02), 'spike_direction': 'UP', 'volume_confirmed': np.False_, 'spike_classification': 'NOISE_SPIKE', 'is_rejection': np.False_, 'is_opportunity': False, 'is_noise': True, 'module': 'spike_classifier', 'category': 'context', 'is_implemented': True, 'error': False}, 'heiken_ashi': {'ha_direction': 'BULLISH', 'ha_strength': 'STRONG', 'ha_body_ratio': np.float64(0.562), 'no_lower_shadow': np.True_, 'no_upper_shadow': np.False_, 'consistent': True, 'trend_count': 3, 'ha_open': np.float64(0.122666), 'ha_close': np.float64(0.128738), 'ha_high': np.float64(0.13347), 'ha_low': np.float64(0.122666), 'module': 'heiken_ashi', 'category': 'context', 'is_implemented': True, 'error': False}}"
USUSDT,LONG,LOSS,SL_HIT,VALID,0.006714,0.00604,-97.01805437578557,-20.077450104259757,483.2190037678222,2.0,0.0060426,0.0083925,20.845981243055554,65.0,2026-05-11 04:44:32.247856,2026-05-12 01:35:17.780331,
QUSDT,LONG,LOSS,MAX_HOLD,VALID,0.015696,0.015017,-65.57823465804618,-12.977828746177384,505.3097551265056,3.0,0.0141264,0.01962,48.002951590555554,73.0,2026-05-10 03:20:40.485906,2026-05-12 03:20:51.111632,
LAYERUSDT,LONG,LOSS,SL_HIT,VALID,0.12936,0.11576,-160.30274566556176,-31.539888682745826,508.2539994925752,3.0,0.116424,0.1617,39.45220528861111,75.0,2026-05-10 12:08:47.621698,2026-05-12 03:35:55.560737,
TRUTHUSDT,LONG,WIN,TP_HIT,VALID,0.012445,0.015712,260.325675824878,52.50301325833669,495.8299717846045,2.0,0.0112005,0.0155562499999999,34.671037814444446,61.0,2026-05-10 21:27:08.762241,2026-05-12 08:07:24.498373,
CFGUSDT,LONG,LOSS,MAX_HOLD,VALID,0.2845,0.2778,-34.308171820534504,-7.0650263620386475,485.6057155692583,3.0,0.25605,0.3556249999999999,124.04089070333333,73.0,2026-05-07 04:35:08.039876,2026-05-12 08:37:35.246408,
SAGAUSDT,LONG,WIN,TP_HIT,VALID,0.02418,0.03062,391.6562921148357,79.90074441687347,490.1785270878222,3.0,0.021762,0.030225000000000002,11.566118244722222,71.0,2026-05-12 00:04:43.077618,2026-05-12 11:38:41.103299,"{'symbol': 'SAGAUSDT', 'basic_indicators': {'emas': {20: np.float64(0.0241), 50: np.float64(0.0233), 200: None}, 'rsi_value': np.float64(50.63), 'rsi_signal': 'NEUTRAL', 'rsi_overbought': np.False_, 'rsi_oversold': np.False_, 'atr_value': np.float64(0.0006), 'atr_percent': np.float64(2.4814), 'volume_current': np.float64(16414326.4), 'volume_average': np.float64(116129801.27), 'volume_ratio': np.float64(0.14), 'volume_is_high': np.False_, 'ma_aligned': True, 'ma_direction': 'BULLISH', 'trend': 'NEUTRAL', 'module': 'basic_indicators', 'category': 'classic', 'is_implemented': True, 'error': False}, 'bollinger_bands': {'bb_upper': np.float64(0.0256), 'bb_middle': np.float64(0.0243), 'bb_lower': np.float64(0.023), 'bb_width': np.float64(10.8047), 'bb_percent_b': np.float64(0.4437), 'bb_position': 'lower_half', 'bb_squeeze': np.False_, 'bb_expansion': np.False_, 'module': 'bollinger_bands', 'category': 'classic', 'is_implemented': True, 'error': False}, 'macd_indicator': {'macd_line': np.float64(0.000142), 'signal_line': np.float64(0.000309), 'histogram': np.float64(-0.000167), 'cross': 'BEARISH', 'zero_cross': 'ABOVE', 'momentum': 'DECREASING', 'module': 'macd_indicator', 'category': 'classic', 'is_implemented': True, 'error': False}, 'vwap_calculator': {'vwap': np.float64(0.0235), 'vwap_upper1': np.float64(0.0242), 'vwap_lower1': np.float64(0.0228), 'vwap_upper2': np.float64(0.0249), 'vwap_lower2': np.float64(0.0221), 'vwap_position': 'ABOVE_VWAP', 'vwap_diff_pct': np.float64(2.894), 'module': 'vwap_calculator', 'category': 'classic', 'is_implemented': True, 'error': False}, 'volume_profile': {'poc': np.float64(0.0241), 'vah': np.float64(0.0252), 'val': np.float64(0.022), 'price_zone': 'PREMIUM', 'midpoint': np.float64(0.0226), 'module': 'volume_profile', 'category': 'classic', 'is_implemented': True, 'error': False}, 'stochastic_rsi': {'stoch_k': np.float64(16.57), 'stoch_d': np.float64(9.82), 'stoch_signal': 'OVERSOLD', 'stoch_cross': 'BULLISH', 'stoch_overbought': np.False_, 'stoch_oversold': np.True_, 'module': 'stochastic_rsi', 'category': 'classic', 'is_implemented': True, 'error': False}, 'fvg_detector': {'fvg_count': 5, 'fvg_bullish_count': 3, 'fvg_bearish_count': 2, 'fvg_present': True, 'fvg_nearest_type': 'BULLISH', 'fvg_nearest_top': np.float64(0.0249), 'fvg_nearest_bottom': np.float64(0.024), 'fvg_nearest_quality': 'HIGH', 'fvg_list': [{'type': 'BEARISH', 'top': np.float64(0.0246), 'bottom': np.float64(0.0244), 'gap_pct': np.float64(0.939), 'quality': 'HIGH', 'filled': False}, {'type': 'BEARISH', 'top': np.float64(0.0256), 'bottom': np.float64(0.0249), 'gap_pct': np.float64(2.657), 'quality': 'HIGH', 'filled': False}, {'type': 'BULLISH', 'top': np.float64(0.0249), 'bottom': np.float64(0.024), 'gap_pct': np.float64(3.727), 'quality': 'HIGH', 'filled': False}, {'type': 'BULLISH', 'top': np.float64(0.024), 'bottom': np.float64(0.0238), 'gap_pct': np.float64(0.794), 'quality': 'HIGH', 'filled': False}, {'type': 'BULLISH', 'top': np.float64(0.0234), 'bottom': np.float64(0.0226), 'gap_pct': np.float64(3.172), 'quality': 'HIGH', 'filled': False}], 'module': 'fvg_detector', 'category': 'ict', 'is_implemented': True, 'error': False}, 'orderblock_detector': {'ob_count': 10, 'ob_bullish_count': 4, 'ob_bearish_count': 6, 'ob_present': True, 'ob_nearest_type': 'BEARISH', 'ob_nearest_top': np.float64(0.0247), 'ob_nearest_bottom': np.float64(0.024), 'ob_nearest_fresh': False, 'ob_list': [{'type': 'BEARISH', 'top': np.float64(0.0242), 'bottom': np.float64(0.0236), 'fresh': False, 'strength': np.float64(1.83)}, {'type': 'BEARISH', 'top': np.float64(0.0265), 'bottom': np.float64(0.0256), 'fresh': False, 'strength': np.float64(8.58)}, {'type': 'BEARISH', 'top': np.float64(0.0258), 'bottom': np.float64(0.0249), 'fresh': False, 'strength': np.float64(6.36)}, {'type': 'BEARISH', 'top': np.float64(0.0255), 'bottom': np.float64(0.0239), 'fresh': False, 'strength': np.float64(2.05)}, {'type': 'BULLISH', 'top': np.float64(0.0241), 'bottom': np.float64(0.0236), 'fresh': False, 'strength': np.float64(8.51)}], 'module': 'orderblock_detector', 'category': 'ict', 'is_implemented': True, 'error': False}, 'liquidity_sweeps': {'sweep_detected': np.False_, 'sweep_direction': None, 'bull_sweep': np.False_, 'bear_sweep': np.False_, 'bull_sweep_level': None, 'bear_sweep_level': None, 'swing_highs': [np.float64(0.0242), np.float64(0.025), np.float64(0.0252)], 'swing_lows': [np.float64(0.023), np.float64(0.0239), np.float64(0.0237)], 'idm_level': None, 'module': 'liquidity_sweeps', 'category': 'ict', 'is_implemented': True, 'error': False}, 'premium_discount': {'price_zone': 'DISCOUNT', 'range_high': np.float64(0.0265), 'range_low': np.float64(0.0235), 'premium_level': np.float64(0.0254), 'discount_level': np.float64(0.0246), 'midpoint': np.float64(0.025), 'fib_position': np.float64(0.2292), 'module': 'premium_discount', 'category': 'ict', 'is_implemented': True, 'error': False}, 'daily_levels': {'pdh': np.float64(0.0207), 'pdl': np.float64(0.0188), 'above_pdh': np.True_, 'below_pdl': np.False_, 'in_range': False, 'dist_to_pdh_pct': np.float64(16.8116), 'dist_to_pdl_pct': np.float64(28.617), 'approaching_pdh': False, 'approaching_pdl': np.False_, 'pdh_swept': np.False_, 'pdl_swept': np.False_, 'pdh_rejected': False, 'pdl_rejected': False, 'level_context': 'ABOVE_PDH', 'module': 'daily_levels', 'category': 'ict', 'is_implemented': True, 'error': False}, 'consolidation_detector': {'consolidating': np.False_, 'range_high': np.float64(0.0265), 'range_low': np.float64(0.022), 'range_size': np.float64(0.0045), 'atr': np.float64(0.0006), 'quality': 0, 'duration_candles': 16, 'module': 'consolidation_detector', 'category': 'ict', 'is_implemented': True, 'error': False}, 'breakout_detector': {'breakout_detected': False, 'breakout_direction': None, 'volume_confirmed': np.False_, 'volume_ratio': np.float64(0.14), 'range_high_20': np.float64(0.0265), 'range_low_20': np.float64(0.0235), 'module': 'breakout_detector', 'category': 'ict', 'is_implemented': True, 'error': False}, 'htf_structure': {'module': 'htf_structure', 'category': 'ict', 'is_implemented': False, 'skipped': True, 'reason': 'Module not yet implemented'}, 'funding_rate': {'funding_rate': 0.0, 'funding_avg': 0.0, 'sentiment': 'NEUTRAL', 'is_extreme': False, 'contrarian_bias': 'NEUTRAL', 'module': 'funding_rate', 'category': 'orderflow', 'is_implemented': True, 'error': False}, 'open_interest': {'oi_current': 0, 'oi_change_pct': 0, 'oi_rising': False, 'oi_falling': False, 'oi_signal': 'NEUTRAL', 'oi_bias': 'NEUTRAL', 'price_change_pct': 0, 'module': 'open_interest', 'category': 'orderflow', 'is_implemented': True, 'error': False}, 'mss_detector': {'mss_structure': 'RANGING', 'bos_detected': False, 'bos_direction': None, 'choch_detected': False, 'choch_direction': None, 'choch_strength': 'NONE', 'last_swing_high': np.float64(0.0265), 'last_swing_low': np.float64(0.0218), 'signal_strength': 0, 'swing_count': 10, 'module': 'mss_detector', 'category': 'ict', 'is_implemented': True, 'error': False}, 'momentum_classifier': {'momentum': 'NEUTRAL', 'momentum_direction': 'NEUTRAL', 'momentum_strength': 0, 'fast_return_pct': np.float64(0.75), 'slow_return_pct': np.float64(-6.9284), 'bull_candle_pct': 40.0, 'volume_momentum': np.float64(0.14), 'upper_wick_pct': np.float64(3.4), 'lower_wick_pct': np.float64(0.0), 'rejection_signal': None, 'module': 'momentum_classifier', 'category': 'context', 'is_implemented': True, 'error': False}, 'candle_pattern': {'patterns_detected': ['BULLISH_MARUBOZU'], 'primary_pattern': 'BULLISH_MARUBOZU', 'pattern_signal': 'BULLISH', 'pattern_strength': 'STRONG', 'body_pct': np.float64(0.966), 'upper_wick_pct': np.float64(0.034), 'lower_wick_pct': np.float64(0.0), 'is_bullish_candle': np.True_, 'is_bearish_candle': np.False_, 'module': 'candle_pattern', 'category': 'context', 'is_implemented': True, 'error': False}, 'fear_greed_index': {'fng_value': 48, 'fng_classification': 'Neutral', 'fng_sentiment': 'NEUTRAL', 'fng_bias': 'NEUTRAL', 'fng_strength': 0, 'fng_prev_value': 47, 'fng_change': 1, 'fng_trending': 'STABLE', 'module': 'fear_greed_index', 'category': 'context', 'is_implemented': True, 'error': False}, 'cvd_analyzer': {'cvd_value': 0, 'cvd_ratio': 0.5, 'buy_volume': 0, 'sell_volume': 0, 'cvd_signal': 'NEUTRAL', 'cvd_bias': 'NEUTRAL', 'cvd_divergence': False, 'price_change_pct': 0, 'module': 'cvd_analyzer', 'category': 'orderflow', 'is_implemented': True, 'error': False}, 'orderbook_imbalance': {'bid_volume': 0, 'ask_volume': 0, 'bid_ask_ratio': 1.0, 'bid_pct': 50, 'ask_pct': 50, 'ob_signal': 'BALANCED', 'ob_bias': 'NEUTRAL', 'best_bid': 0, 'best_ask': 0, 'spread_pct': 0, 'module': 'orderbook_imbalance', 'category': 'orderflow', 'is_implemented': True, 'error': False}, 'spike_classifier': {'spike_detected': False, 'spike_magnitude': np.float64(0.45), 'spike_type': None, 'spike_direction': None, 'volume_confirmed': False, 'spike_classification': 'NORMAL', 'module': 'spike_classifier', 'category': 'context', 'is_implemented': True, 'error': False}, 'heiken_ashi': {'ha_direction': 'BULLISH', 'ha_strength': 'STRONG', 'ha_body_ratio': np.float64(0.599), 'no_lower_shadow': np.True_, 'no_upper_shadow': np.False_, 'consistent': False, 'trend_count': 1, 'ha_open': np.float64(0.023823), 'ha_close': np.float64(0.024042), 'ha_high': np.float64(0.02419), 'ha_low': np.float64(0.023823), 'module': 'heiken_ashi', 'category': 'context', 'is_implemented': True, 'error': False}}"
1000XECUSDT,LONG,LOSS,MAX_HOLD,VALID,0.00926,0.00846,-87.83273467673096,-17.278617710583124,508.3319519415813,2.0,0.008334,0.0115749999999999,48.001930854166666,69.0,2026-05-10 11:53:40.545749,2026-05-12 11:53:47.496824,
GTCUSDT,LONG,LOSS,SL_HIT,VALID,0.1677,0.15062,-103.53848608116775,-20.369707811568258,508.29637341369573,2.0,0.15092999999999998,0.20962499999999998,13.074138366666666,65.0,2026-05-12 01:20:14.647685,2026-05-12 14:24:41.545805,"{'symbol': 'GTCUSDT', 'basic_indicators': {'emas': {20: np.float64(0.1402), 50: np.float64(0.1259), 200: None}, 'rsi_value': np.float64(94.32), 'rsi_signal': 'OVERBOUGHT', 'rsi_overbought': np.True_, 'rsi_oversold': np.False_, 'atr_value': np.float64(0.007), 'atr_percent': np.float64(4.1741), 'volume_current': np.float64(27369556.2), 'volume_average': np.float64(22606814.84), 'volume_ratio': np.float64(1.21), 'volume_is_high': np.False_, 'ma_aligned': True, 'ma_direction': 'BULLISH', 'trend': 'BULLISH', 'module': 'basic_indicators', 'category': 'classic', 'is_implemented': True, 'error': False}, 'bollinger_bands': {'bb_upper': np.float64(0.1676), 'bb_middle': np.float64(0.1357), 'bb_lower': np.float64(0.1039), 'bb_width': np.float64(46.9194), 'bb_percent_b': np.float64(1.0018), 'bb_position': 'above_upper', 'bb_squeeze': np.False_, 'bb_expansion': np.True_, 'module': 'bollinger_bands', 'category': 'classic', 'is_implemented': True, 'error': False}, 'macd_indicator': {'macd_line': np.float64(0.012041), 'signal_line': np.float64(0.008444), 'histogram': np.float64(0.003597), 'cross': 'BULLISH', 'zero_cross': 'ABOVE', 'momentum': 'INCREASING', 'module': 'macd_indicator', 'category': 'classic', 'is_implemented': True, 'error': False}, 'vwap_calculator': {'vwap': np.float64(0.1358), 'vwap_upper1': np.float64(0.1453), 'vwap_lower1': np.float64(0.1263), 'vwap_upper2': np.float64(0.1547), 'vwap_lower2': np.float64(0.1169), 'vwap_position': 'FAR_ABOVE', 'vwap_diff_pct': np.float64(23.49), 'module': 'vwap_calculator', 'category': 'classic', 'is_implemented': True, 'error': False}, 'volume_profile': {'poc': np.float64(0.1234), 'vah': np.float64(0.1692), 'val': np.float64(0.113), 'price_zone': 'PREMIUM', 'midpoint': np.float64(0.1337), 'module': 'volume_profile', 'category': 'classic', 'is_implemented': True, 'error': False}, 'stochastic_rsi': {'stoch_k': np.float64(98.9), 'stoch_d': np.float64(99.05), 'stoch_signal': 'OVERBOUGHT', 'stoch_cross': 'BEARISH', 'stoch_overbought': np.True_, 'stoch_oversold': np.False_, 'module': 'stochastic_rsi', 'category': 'classic', 'is_implemented': True, 'error': False}, 'fvg_detector': {'fvg_count': 6, 'fvg_bullish_count': 6, 'fvg_bearish_count': 0, 'fvg_present': True, 'fvg_nearest_type': 'BULLISH', 'fvg_nearest_top': np.float64(0.1625), 'fvg_nearest_bottom': np.float64(0.1608), 'fvg_nearest_quality': 'HIGH', 'fvg_list': [{'type': 'BULLISH', 'top': np.float64(0.1625), 'bottom': np.float64(0.1608), 'gap_pct': np.float64(1.058), 'quality': 'HIGH', 'filled': False}, {'type': 'BULLISH', 'top': np.float64(0.1594), 'bottom': np.float64(0.1537), 'gap_pct': np.float64(3.634), 'quality': 'HIGH', 'filled': False}, {'type': 'BULLISH', 'top': np.float64(0.1459), 'bottom': np.float64(0.1378), 'gap_pct': np.float64(5.705), 'quality': 'HIGH', 'filled': False}, {'type': 'BULLISH', 'top': np.float64(0.1366), 'bottom': np.float64(0.1316), 'gap_pct': np.float64(3.766), 'quality': 'HIGH', 'filled': False}, {'type': 'BULLISH', 'top': np.float64(0.1275), 'bottom': np.float64(0.1247), 'gap_pct': np.float64(2.197), 'quality': 'HIGH', 'filled': False}], 'module': 'fvg_detector', 'category': 'ict', 'is_implemented': True, 'error': False}, 'orderblock_detector': {'ob_count': 5, 'ob_bullish_count': 3, 'ob_bearish_count': 2, 'ob_present': True, 'ob_nearest_type': 'BULLISH', 'ob_nearest_top': np.float64(0.1308), 'ob_nearest_bottom': np.float64(0.127), 'ob_nearest_fresh': False, 'ob_list': [{'type': 'BULLISH', 'top': np.float64(0.1308), 'bottom': np.float64(0.127), 'fresh': False, 'strength': np.float64(2.55)}, {'type': 'BULLISH', 'top': np.float64(0.1222), 'bottom': np.float64(0.1181), 'fresh': False, 'strength': np.float64(3.78)}, {'type': 'BEARISH', 'top': np.float64(0.1248), 'bottom': np.float64(0.1206), 'fresh': False, 'strength': np.float64(3.48)}, {'type': 'BEARISH', 'top': np.float64(0.1296), 'bottom': np.float64(0.1215), 'fresh': False, 'strength': np.float64(1.93)}, {'type': 'BULLISH', 'top': np.float64(0.1177), 'bottom': np.float64(0.1131), 'fresh': False, 'strength': np.float64(3.15)}], 'module': 'orderblock_detector', 'category': 'ict', 'is_implemented': True, 'error': False}, 'liquidity_sweeps': {'sweep_detected': np.False_, 'sweep_direction': None, 'bull_sweep': np.False_, 'bear_sweep': np.False_, 'bull_sweep_level': None, 'bear_sweep_level': None, 'swing_highs': [np.float64(0.1074), np.float64(0.125), np.float64(0.1185)], 'swing_lows': [np.float64(0.1023), np.float64(0.1048), np.float64(0.1131)], 'idm_level': None, 'module': 'liquidity_sweeps', 'category': 'ict', 'is_implemented': True, 'error': False}, 'premium_discount': {'price_zone': 'PREMIUM', 'range_high': np.float64(0.1692), 'range_low': np.float64(0.1181), 'premium_level': np.float64(0.1497), 'discount_level': np.float64(0.1376), 'midpoint': np.float64(0.1437), 'fib_position': np.float64(0.9704), 'module': 'premium_discount', 'category': 'ict', 'is_implemented': True, 'error': False}, 'daily_levels': {'pdh': np.float64(0.1028), 'pdl': np.float64(0.0982), 'above_pdh': np.True_, 'below_pdl': np.False_, 'in_range': False, 'dist_to_pdh_pct': np.float64(63.1323), 'dist_to_pdl_pct': np.float64(70.7739), 'approaching_pdh': False, 'approaching_pdl': np.False_, 'pdh_swept': np.False_, 'pdl_swept': np.False_, 'pdh_rejected': False, 'pdl_rejected': False, 'level_context': 'ABOVE_PDH', 'module': 'daily_levels', 'category': 'ict', 'is_implemented': True, 'error': False}, 'consolidation_detector': {'consolidating': np.False_, 'range_high': np.float64(0.1692), 'range_low': np.float64(0.1107), 'range_size': np.float64(0.0585), 'atr': np.float64(0.007), 'quality': 0, 'duration_candles': 16, 'module': 'consolidation_detector', 'category': 'ict', 'is_implemented': True, 'error': False}, 'breakout_detector': {'breakout_detected': False, 'breakout_direction': None, 'volume_confirmed': np.False_, 'volume_ratio': np.float64(1.21), 'range_high_20': np.float64(0.1692), 'range_low_20': np.float64(0.1181), 'module': 'breakout_detector', 'category': 'ict', 'is_implemented': True, 'error': False}, 'htf_structure': {'module': 'htf_structure', 'category': 'ict', 'is_implemented': False, 'skipped': True, 'reason': 'Module not yet implemented'}, 'funding_rate': {'funding_rate': 0.0, 'funding_avg': 0.0, 'sentiment': 'NEUTRAL', 'is_extreme': False, 'contrarian_bias': 'NEUTRAL', 'module': 'funding_rate', 'category': 'orderflow', 'is_implemented': True, 'error': False}, 'open_interest': {'oi_current': 0, 'oi_change_pct': 0, 'oi_rising': False, 'oi_falling': False, 'oi_signal': 'NEUTRAL', 'oi_bias': 'NEUTRAL', 'price_change_pct': 0, 'module': 'open_interest', 'category': 'orderflow', 'is_implemented': True, 'error': False}, 'mss_detector': {'mss_structure': 'BULLISH', 'bos_detected': True, 'bos_direction': 'BULLISH', 'choch_detected': False, 'choch_direction': None, 'choch_strength': 'NONE', 'last_swing_high': np.float64(0.1344), 'last_swing_low': np.float64(0.1023), 'signal_strength': 2, 'swing_count': 10, 'module': 'mss_detector', 'category': 'ict', 'is_implemented': True, 'error': False}, 'momentum_classifier': {'momentum': 'STRONG_BULLISH', 'momentum_direction': 'BULLISH', 'momentum_strength': 3, 'fast_return_pct': np.float64(11.399), 'slow_return_pct': np.float64(30.6278), 'bull_candle_pct': 60.0, 'volume_momentum': np.float64(0.83), 'upper_wick_pct': np.float64(17.9), 'lower_wick_pct': np.float64(77.5), 'rejection_signal': None, 'module': 'momentum_classifier', 'category': 'context', 'is_implemented': True, 'error': False}, 'candle_pattern': {'patterns_detected': ['BULLISH_PIN_BAR', 'DOJI'], 'primary_pattern': 'BULLISH_PIN_BAR', 'pattern_signal': 'BULLISH', 'pattern_strength': 'MEDIUM', 'body_pct': np.float64(0.046), 'upper_wick_pct': np.float64(0.179), 'lower_wick_pct': np.float64(0.775), 'is_bullish_candle': np.False_, 'is_bearish_candle': np.True_, 'module': 'candle_pattern', 'category': 'context', 'is_implemented': True, 'error': False}, 'fear_greed_index': {'fng_value': 48, 'fng_classification': 'Neutral', 'fng_sentiment': 'NEUTRAL', 'fng_bias': 'NEUTRAL', 'fng_strength': 0, 'fng_prev_value': 47, 'fng_change': 1, 'fng_trending': 'STABLE', 'module': 'fear_greed_index', 'category': 'context', 'is_implemented': True, 'error': False}, 'cvd_analyzer': {'cvd_value': 0, 'cvd_ratio': 0.5, 'buy_volume': 0, 'sell_volume': 0, 'cvd_signal': 'NEUTRAL', 'cvd_bias': 'NEUTRAL', 'cvd_divergence': False, 'price_change_pct': 0, 'module': 'cvd_analyzer', 'category': 'orderflow', 'is_implemented': True, 'error': False}, 'orderbook_imbalance': {'bid_volume': 0, 'ask_volume': 0, 'bid_ask_ratio': 1.0, 'bid_pct': 50, 'ask_pct': 50, 'ob_signal': 'BALANCED', 'ob_bias': 'NEUTRAL', 'best_bid': 0, 'best_ask': 0, 'spread_pct': 0, 'module': 'orderbook_imbalance', 'category': 'orderflow', 'is_implemented': True, 'error': False}, 'spike_classifier': {'spike_detected': False, 'spike_magnitude': np.float64(0.96), 'spike_type': None, 'spike_direction': None, 'volume_confirmed': False, 'spike_classification': 'NORMAL', 'module': 'spike_classifier', 'category': 'context', 'is_implemented': True, 'error': False}, 'heiken_ashi': {'ha_direction': 'BULLISH', 'ha_strength': 'STRONG', 'ha_body_ratio': np.float64(0.797), 'no_lower_shadow': np.True_, 'no_upper_shadow': np.False_, 'consistent': True, 'trend_count': 6, 'ha_open': np.float64(0.157589), 'ha_close': np.float64(0.166855), 'ha_high': np.float64(0.16921), 'ha_low': np.float64(0.157589), 'module': 'heiken_ashi', 'category': 'context', 'is_implemented': True, 'error': False}}"
UBUSDT,LONG,WIN,TP_HIT,VALID,0.13006,0.16385,257.6363946886326,51.96063355374441,495.8299717846045,2.0,0.117054,0.162575,46.74538158944444,60.0,2026-05-10 19:56:35.342413,2026-05-12 18:41:18.716135,
DEEPUSDT,LONG,,,VALID,0.03663,,,,485.9763617982114,2.0,0.032967,0.0457875,,68.0,2026-05-09 17:15:33.648531,,
SIRENUSDT,LONG,,,VALID,1.0904,,,,486.0423011784654,2.0,0.98136,1.363,,62.0,2026-05-08 12:50:05.989597,,
NEARUSDT,LONG,,,VALID,1.491,,,,489.4137811087615,2.0,1.3419,1.86375,,65.0,2026-05-07 07:05:48.766363,,
BASUSDT,LONG,,,VALID,0.022006,,,,530.3694261038014,2.0,0.0198054,0.0275075,,63.0,2026-05-10 09:37:43.664597,,
QTUMUSDT,LONG,,,VALID,1.117,,,,495.8299717846045,3.0,1.0053,1.39625,,73.0,2026-05-10 20:11:41.879110,,
SUIUSDT,LONG,,,VALID,1.2695,,,,493.02592086107006,3.0,1.1425500000000002,1.586875,,78.0,2026-05-10 23:58:02.236388,,
ALCHUSDT,LONG,,,VALID,0.0992,,,,483.2190037678222,2.0,0.08928,0.124,,68.0,2026-05-11 05:44:52.140321,,
JELLYJELLYUSDT,LONG,,,VALID,0.06179,,,,477.2181929777401,2.0,0.055611,0.0772375,,61.0,2026-05-11 08:00:37.671660,,
OPGUSDT,LONG,,,VALID,0.3336,,,,470.51861064932274,2.0,0.30024,0.417,,60.0,2026-05-11 12:01:56.535464,,
VVVUSDT,LONG,,,VALID,17.725,,,,468.05981125910125,2.0,15.952500000000002,22.15625,,62.0,2026-05-11 18:33:52.755281,,
COLLECTUSDT,LONG,,,VALID,0.05377,,,,490.1785270878222,2.0,0.048393,0.0672125,,65.0,2026-05-11 22:19:05.714537,,
USELESSUSDT,LONG,,,VALID,0.0675,,,,503.4454706949065,2.0,0.060750000000000005,0.084375,,65.0,2026-05-12 01:50:23.411516,,
BUSDT,LONG,,,VALID,0.6451,,,,503.4454706949065,2.0,0.58059,0.8063750000000001,,65.0,2026-05-12 02:05:29.057195,,
ESPORTSUSDT,LONG,,,VALID,0.4578,,,,503.4454706949065,2.0,0.41202,0.5722499999999999,,66.0,2026-05-12 03:05:46.267420,,
AKTUSDT,LONG,,,VALID,0.8599,,,,492.15142167872614,2.0,0.77391,1.074875,,69.0,2026-05-12 06:36:51.805052,,
HUSDT,LONG,,,VALID,0.25924,,,,492.15142167872614,3.0,0.23331600000000002,0.32405000000000006,,71.0,2026-05-12 06:36:53.627045,,
IRYSUSDT,LONG,,,VALID,0.0483,,,,503.4522968789433,2.0,0.04347,0.060375000000000005,,69.0,2026-05-12 10:08:08.342928,,
BILLUSDT,LONG,,,VALID,0.14403,,,,503.4522968789433,2.0,0.129627,0.1800375,,65.0,2026-05-12 10:08:10.070522,,
SAGAUSDT,LONG,,,VALID,0.03444,,,,513.4665504467902,2.0,0.030996,0.04305,,65.0,2026-05-12 14:24:43.662357,,
GUAUSDT,LONG,,,VALID,1.1863,,,,513.4665504467902,2.0,1.06767,1.482875,,67.0,2026-05-12 15:25:10.293834,,
