symbol,side,entry_price,exit_price,entry_time,exit_time,exit_reason,size_usd,leverage,stop_loss,take_profit,pnl_usd,pnl_pct,outcome,hold_hours,p2_score,p2_grade
BSBUSDT,LONG,0.8709,0.78207,2026-04-29T14:59:19.454523,2026-04-29T18:16:11.282490,SL_HIT,100.0,2.0,0.78381,1.088625,-20.39958663451601,-20.39958663451601,LOSS,3.2810633241666665,61.0,WEAK
HUSDT,LONG,0.17972,0.1792,2026-04-29T14:59:13.823814,2026-04-29T19:01:37.854163,MAX_HOLD,100.0,2.0,0.161748,0.22465,-0.5786779434676083,-0.5786779434676083,LOSS,4.040008430277778,56.0,WEAK
BIOUSDT,SHORT,0.0327,0.03251,2026-04-29T14:59:16.504551,2026-04-29T19:01:37.859591,MAX_HOLD,100.0,2.0,0.03597,0.0245249999999999,1.16207951070338,1.16207951070338,WIN,4.039265288888889,75.0,VALID
ZEREBROUSDT,LONG,0.02148,0.023268,2026-04-29T14:59:21.069932,2026-04-29T19:01:37.863844,MAX_HOLD,100.0,2.0,0.019332,0.02685,16.648044692737443,16.648044692737443,WIN,4.037998308888889,65.0,WEAK
GWEIUSDT,LONG,0.10547,0.09426,2026-04-29T19:15:42.403614,2026-04-29T20:16:09.684301,SL_HIT,100.0,2.0,0.094923,0.1318375,-21.257229543946146,-21.257229543946146,LOSS,1.007577968611111,55.0,WEAK
JCTUSDT,LONG,0.003804,0.00339,2026-04-29T19:15:37.003089,2026-04-29T20:46:28.167223,SL_HIT,100.0,2.0,0.0034236,0.004755,-21.7665615141956,-21.7665615141956,LOSS,1.5142122594444445,60.0,WEAK
SKYAIUSDT,SHORT,0.23183,0.26126,2026-04-29T21:01:39.876453,2026-04-29T22:17:19.561971,SL_HIT,100.0,2.0,0.255013,0.1738725,-25.38929387913556,-25.38929387913556,LOSS,1.261023755,61.0,WEAK
AIOTUSDT,LONG,0.09673,0.12158,2026-04-29T21:01:38.290273,2026-04-29T23:02:47.308161,TP_HIT,100.0,2.0,0.087057,0.1209124999999999,51.38013025948516,51.38013025948516,WIN,2.019171635555556,66.0,WEAK
ZEREBROUSDT,LONG,0.023678,0.024717,2026-04-29T19:15:38.666968,2026-04-29T23:17:57.145912,MAX_HOLD,100.0,2.0,0.0213102,0.0295975,8.776079060731465,8.776079060731465,WIN,4.038466373333334,55.0,WEAK
TACUSDT,LONG,0.015835,0.017013,2026-04-29T19:15:44.567595,2026-04-29T23:17:57.150621,MAX_HOLD,100.0,2.0,0.0142514999999999,0.01979375,14.878433849068545,14.878433849068545,WIN,4.036828618333334,60.0,WEAK
SKYAIUSDT,LONG,0.26086,0.23248,2026-04-29T22:17:23.808429,2026-04-29T23:17:57.154447,SL_HIT,100.0,2.0,0.2347739999999999,0.326075,-21.75879782258682,-21.75879782258682,LOSS,1.0092627827777778,57.0,WEAK
NAORISUSDT,LONG,0.11283,0.11013,2026-04-29T19:45:59.386318,2026-04-29T23:48:14.824447,MAX_HOLD,100.0,2.0,0.101547,0.1410375,-4.785961180537081,-4.785961180537081,LOSS,4.0376217025,60.0,WEAK
SOLVUSDT,LONG,0.004773,0.004905,2026-04-29T20:31:20.036082,2026-04-30T00:33:40.245393,MAX_HOLD,100.0,2.0,0.0042957,0.00596625,5.5311125078566645,5.5311125078566645,WIN,4.0389470308333335,60.0,WEAK
UBUSDT,LONG,0.06542,0.06606,2026-04-29T20:31:24.361177,2026-04-30T00:33:40.251068,MAX_HOLD,100.0,2.0,0.058878,0.081775,1.9565881993273853,1.9565881993273853,WIN,4.037747191944445,57.0,WEAK
DOTUSDT,LONG,1.228,1.185,2026-04-29T21:32:02.147847,2026-04-30T01:34:12.376236,MAX_HOLD,100.0,2.0,1.1052,1.535,-7.003257328990216,-7.003257328990216,LOSS,4.0361745525,60.0,WEAK
LUMIAUSDT,LONG,0.20879,0.18481,2026-04-29T23:18:03.140512,2026-04-30T02:04:30.279914,SL_HIT,100.0,2.0,0.187911,0.2609875,-22.97044877628239,-22.97044877628239,LOSS,2.7742053894444445,55.0,WEAK
GWEIUSDT,LONG,0.09305,0.09374,2026-04-29T22:17:25.722019,2026-04-30T02:19:37.775827,MAX_HOLD,100.0,2.0,0.083745,0.1163124999999999,1.4830736163353253,1.4830736163353253,WIN,4.036681613333333,66.0,WEAK
NOMUSDT,LONG,0.003045,0.003017,2026-04-29T22:32:30.191772,2026-04-30T02:34:47.829345,MAX_HOLD,100.0,2.0,0.0027405,0.0038062499999999,-1.8390804597701027,-1.8390804597701027,LOSS,4.038232659166667,56.0,WEAK
AIOTUSDT,LONG,0.12159,0.1237,2026-04-29T23:02:49.883915,2026-04-30T03:05:03.792736,MAX_HOLD,100.0,2.0,0.109431,0.1519875,3.47068015461798,3.47068015461798,WIN,4.037196894722222,64.0,WEAK
OPENUSDT,LONG,0.279,0.2805,2026-04-29T23:17:58.526429,2026-04-30T03:20:14.340059,MAX_HOLD,100.0,2.0,0.2511,0.34875,1.075268817204302,1.075268817204302,WIN,4.037726008333333,57.0,WEAK
ZEREBROUSDT,LONG,0.025675,0.026011,2026-04-29T23:33:08.048185,2026-04-30T03:35:21.489162,MAX_HOLD,100.0,2.0,0.0231075,0.03209375,2.61733203505355,2.61733203505355,WIN,4.037066938055555,57.0,WEAK
SKYAIUSDT,LONG,0.24955,0.26764,2026-04-30T00:03:25.568030,2026-04-30T04:05:36.391227,MAX_HOLD,100.0,2.0,0.224595,0.3119375,14.498096573832894,14.498096573832894,WIN,4.036339776944445,55.0,WEAK
TACUSDT,LONG,0.01729,0.015224,2026-04-30T00:18:37.200005,2026-04-30T04:20:45.381172,SL_HIT,100.0,2.0,0.015561,0.0216125,-23.8982070561018,-23.8982070561018,LOSS,4.035605879722223,56.0,WEAK
ARBUSDT,LONG,0.1255,0.1284,2026-04-30T04:36:30.315056,2026-04-30T08:38:22.419337,MAX_HOLD,100.0,2.0,0.11295,0.156875,4.621513944223085,4.621513944223085,WIN,4.031140078055556,79.0,VALID
ZEREBROUSDT,LONG,0.026228,0.030315,2026-04-30T04:36:33.794733,2026-04-30T08:38:22.902812,MAX_HOLD,100.0,2.0,0.0236052,0.032785,31.16516699710233,31.16516699710233,WIN,4.030307799722222,67.0,WEAK
NAORISUSDT,LONG,0.11434,0.13609,2026-04-30T04:51:39.946214,2026-04-30T08:53:31.320634,MAX_HOLD,100.0,2.0,0.102906,0.142925,38.044428896274255,38.044428896274255,WIN,4.030937338888889,57.0,WEAK
SOLVUSDT,LONG,0.004922,0.004905,2026-04-30T05:06:43.619356,2026-04-30T09:08:38.199672,MAX_HOLD,100.0,2.0,0.0044298,0.0061525,-0.6907761072734873,-0.6907761072734873,LOSS,4.031827865555555,57.0,WEAK
UBUSDT,LONG,0.06458,0.0658,2026-04-30T05:06:45.299282,2026-04-30T09:08:38.204201,MAX_HOLD,100.0,2.0,0.058122,0.0807249999999999,3.7782595230721543,3.7782595230721543,WIN,4.0313624775,60.0,WEAK
SKYAIUSDT,LONG,0.26617,0.30428,2026-04-30T05:37:01.076591,2026-04-30T09:38:54.190873,MAX_HOLD,100.0,2.0,0.239553,0.3327125,28.63583424127436,28.63583424127436,WIN,4.031420633888889,66.0,WEAK
TACUSDT,LONG,0.015995,0.015936,2026-04-30T06:22:20.412065,2026-04-30T10:24:18.666782,MAX_HOLD,100.0,2.0,0.0143954999999999,0.0199937499999999,-0.7377305407939985,-0.7377305407939985,LOSS,4.0328485325,55.0,WEAK
ZEREBROUSDT,LONG,0.029935,0.026142,2026-04-30T09:08:43.619517,2026-04-30T10:39:27.278931,SL_HIT,100.0,2.0,0.0269415,0.03741875,-25.34157340905296,-25.34157340905296,LOSS,1.512127615,62.0,WEAK
ARBUSDT,LONG,0.1284,0.1246,2026-04-30T08:38:25.668751,2026-04-30T12:40:26.422106,MAX_HOLD,100.0,2.0,0.11556,0.1604999999999999,-5.919003115264773,-5.919003115264773,LOSS,4.033542598611112,57.0,WEAK
SWARMSUSDT,LONG,0.026035,0.024521,2026-04-30T08:38:26.669387,2026-04-30T12:40:26.973952,MAX_HOLD,100.0,2.0,0.0234315,0.0325437499999999,-11.630497407336264,-11.630497407336264,LOSS,4.033417934722222,61.0,WEAK
INTCUSDT,SHORT,96.42,96.46,2026-04-30T09:38:57.857628,2026-04-30T13:40:56.395473,MAX_HOLD,100.0,2.0,106.062,72.315,-0.0829703381041112,-0.0829703381041112,LOSS,4.032927179166667,79.0,VALID
AIOTUSDT,LONG,0.11246,0.10935,2026-04-30T09:54:02.943349,2026-04-30T13:56:02.789115,MAX_HOLD,100.0,2.0,0.101214,0.140575,-5.5308554152587615,-5.5308554152587615,LOSS,4.033290490555555,60.0,WEAK
NAORISUSDT,LONG,0.12718,0.11837,2026-04-30T10:09:15.626707,2026-04-30T14:11:09.801535,MAX_HOLD,100.0,2.0,0.114462,0.1589749999999999,-13.854379619436996,-13.854379619436996,LOSS,4.03171523,57.0,WEAK
AIGENSYNUSDT,LONG,0.05614,0.04842,2026-04-30T10:54:35.616045,2026-04-30T14:11:09.805438,SL_HIT,100.0,2.0,0.050526,0.070175,-27.502671891699336,-27.502671891699336,LOSS,3.276163720277778,59.0,WEAK
SKYAIUSDT,LONG,0.29575,0.30624,2026-04-30T11:40:01.752188,2026-04-30T15:41:53.096949,MAX_HOLD,100.0,2.0,0.266175,0.3696875,7.0938292476754015,7.0938292476754015,WIN,4.030929100277778,57.0,WEAK
TACUSDT,LONG,0.016189,0.016408,2026-04-30T11:55:06.744427,2026-04-30T15:56:59.889335,MAX_HOLD,100.0,2.0,0.0145700999999999,0.0202362499999999,2.705540799308178,2.705540799308178,WIN,4.031429141111111,62.0,WEAK
BIOUSDT,LONG,0.04096,0.04472,2026-04-30T12:40:30.174727,2026-04-30T16:42:20.536628,MAX_HOLD,100.0,2.0,0.036864,0.0512,18.359374999999996,18.359374999999996,WIN,4.030656083611111,62.0,WEAK
ARCUSDT,SHORT,0.0762,0.0767,2026-04-30T13:10:41.536026,2026-04-30T17:12:33.993916,MAX_HOLD,100.0,2.0,0.08382,0.05715,-1.3123359580052505,-1.3123359580052505,LOSS,4.031238302777778,61.0,WEAK
SWARMSUSDT,LONG,0.025944,0.026451,2026-04-30T13:56:05.376451,2026-04-30T17:57:54.059848,MAX_HOLD,100.0,2.0,0.0233495999999999,0.03243,3.908418131359856,3.908418131359856,WIN,4.0301898325000005,59.0,WEAK
AIGENSYNUSDT,SHORT,0.04728,0.04565,2026-04-30T14:41:24.640471,2026-04-30T18:43:14.561979,MAX_HOLD,100.0,2.0,0.052008,0.03546,6.895093062605751,6.895093062605751,WIN,4.030533752222222,71.0,VALID
ZEREBROUSDT,LONG,0.024624,0.025292,2026-04-30T15:11:42.048000,2026-04-30T19:13:28.316901,MAX_HOLD,100.0,2.0,0.0221616,0.03078,5.425601039636114,5.425601039636114,WIN,4.029519139166666,56.0,WEAK
BIOUSDT,LONG,0.04462,0.04012,2026-04-30T16:42:23.721438,2026-04-30T19:28:35.232805,SL_HIT,100.0,2.0,0.040158,0.055775,-20.17032720753024,-20.17032720753024,LOSS,2.769864268611111,57.0,WEAK
SKYAIUSDT,LONG,0.30603,0.31602,2026-04-30T15:41:57.091724,2026-04-30T19:43:42.027207,MAX_HOLD,100.0,2.0,0.275427,0.3825375,6.528771689050092,6.528771689050092,WIN,4.029148745277777,56.0,WEAK
RIVERUSDT,LONG,7.169,6.222,2026-04-30T21:48:52.903989,2026-05-01T01:20:30.286774,SL_HIT,100.0,2.0,6.4521,8.96125,-26.419305342446624,-26.419305342446624,LOSS,3.527050773611111,55.0,VALID
BRUSDT,LONG,0.13102,0.16388,2026-04-30T21:48:51.300717,2026-05-01T01:50:44.675597,TP_HIT,100.0,2.0,0.117918,0.163775,50.16028087314914,50.16028087314914,WIN,4.031493022222222,60.0,VALID
TAGUSDT,LONG,0.0007031,0.0006718,2026-05-01T01:51:23.548104,2026-05-01T05:53:32.639977,MAX_HOLD,100.0,2.0,0.00063279,0.000878875,-8.903427677428546,-8.903427677428546,LOSS,4.035858853611111,67.0,VALID
BRUSDT,LONG,0.16457,0.16466,2026-05-01T01:51:25.934113,2026-05-01T05:53:32.646943,MAX_HOLD,100.0,2.0,0.148113,0.2057125,0.1093759494440137,0.1093759494440137,WIN,4.035198008333333,70.0,VALID
BLUAIUSDT,LONG,0.013761,0.013916,2026-05-01T01:51:27.243869,2026-05-01T05:53:32.651168,MAX_HOLD,100.0,2.0,0.0123849,0.01720125,2.252743259937488,2.252743259937488,WIN,4.034835360833333,55.0,VALID
SKYAIUSDT,LONG,0.34131,0.35259,2026-05-01T01:51:28.284744,2026-05-01T05:53:32.655458,MAX_HOLD,100.0,2.0,0.307179,0.4266375,6.609826843631896,6.609826843631896,WIN,4.034547420555556,58.0,VALID
NAORISUSDT,LONG,0.12701,0.13495,2026-05-01T01:51:30.392560,2026-05-01T05:53:32.659457,MAX_HOLD,100.0,2.0,0.114309,0.1587625,12.50295252342331,12.50295252342331,WIN,4.033963026944444,58.0,VALID
BIOUSDT,LONG,0.04354,0.04145,2026-05-01T01:51:31.404396,2026-05-01T05:53:32.663224,MAX_HOLD,100.0,2.0,0.039186,0.054425,-9.600367478180988,-9.600367478180988,LOSS,4.033683007777777,51.0,VALID
AKEUSDT,LONG,0.0003276,0.0003168,2026-05-01T02:36:53.448572,2026-05-01T06:39:00.081396,MAX_HOLD,100.0,2.0,0.00029484,0.0004095,-6.593406593406588,-6.593406593406588,LOSS,4.035175784444444,55.0,VALID
USTCUSDT,LONG,0.006863,0.006796,2026-05-01T03:07:10.930300,2026-05-01T07:09:17.496858,MAX_HOLD,100.0,2.0,0.0061767,0.00857875,-1.9524989071834535,-1.9524989071834535,LOSS,4.035157377222222,55.0,VALID
GWEIUSDT,LONG,0.10914,0.10949,2026-05-01T08:26:53.291529,2026-05-01T12:29:04.790570,MAX_HOLD,100.0,2.0,0.098226,0.136425,0.6413780465457267,0.6413780465457267,WIN,4.036527511388889,73.0,VALID
BIOUSDT,LONG,0.04373,0.04182,2026-05-01T08:26:57.201270,2026-05-01T12:29:04.797213,MAX_HOLD,100.0,2.0,0.0393569999999999,0.0546624999999999,-8.735421907157535,-8.735421907157535,LOSS,4.0354433175,64.0,VALID
SKYAIUSDT,LONG,0.37596,0.38425,2026-05-01T08:42:05.554064,2026-05-01T12:44:12.395462,MAX_HOLD,100.0,2.0,0.338364,0.46995,4.41004362166186,4.41004362166186,WIN,4.035233721666667,62.0,VALID
TAGUSDT,LONG,0.0006959,0.0007024,2026-05-01T08:42:06.988938,2026-05-01T12:44:12.399401,MAX_HOLD,100.0,2.0,0.0006263099999999,0.000869875,1.8680844948987223,1.8680844948987223,WIN,4.034836239722222,63.0,VALID
ENSOUSDT,LONG,1.0517,1.0465,2026-05-01T08:57:11.386239,2026-05-01T12:59:19.805830,MAX_HOLD,100.0,2.0,0.94653,1.3146250000000002,-0.9888751545117604,-0.9888751545117604,LOSS,4.035672108611111,56.0,VALID
ORCAUSDT,LONG,1.962,1.975,2026-05-01T08:57:12.682988,2026-05-01T12:59:19.809941,MAX_HOLD,100.0,2.0,1.7658,2.4525,1.3251783893985851,1.3251783893985851,WIN,4.0353130425,59.0,VALID
TACUSDT,LONG,0.018529,0.017814,2026-05-01T10:58:20.785990,2026-05-01T15:00:24.165796,MAX_HOLD,100.0,2.0,0.0166761,0.02316125,-7.717631820389663,-7.717631820389663,LOSS,4.034272168333334,59.0,VALID
SKYAIUSDT,LONG,0.38448,0.38276,2026-05-01T12:44:16.452961,2026-05-01T16:46:23.322801,MAX_HOLD,100.0,2.0,0.346032,0.4805999999999999,-0.8947149396587596,-0.8947149396587596,LOSS,4.035241622222222,55.0,VALID
PENDLEUSDT,LONG,1.4798,1.499,2026-05-01T12:59:20.300555,2026-05-01T17:01:30.060562,MAX_HOLD,100.0,2.0,1.33182,1.84975,2.594945262873376,2.594945262873376,WIN,4.036044446388889,55.0,VALID
ZEREBROUSDT,LONG,0.032329,0.0319,2026-05-01T12:59:21.568667,2026-05-01T17:01:30.064643,MAX_HOLD,100.0,2.0,0.0290960999999999,0.0404112499999999,-2.6539639333106426,-2.6539639333106426,LOSS,4.035693326666666,67.0,VALID
ORCAUSDT,LONG,1.984,1.928,2026-05-01T12:59:23.047255,2026-05-01T17:01:30.068293,MAX_HOLD,100.0,2.0,1.7856,2.48,-5.645161290322586,-5.645161290322586,LOSS,4.035283621666667,51.0,VALID
GENIUSUSDT,LONG,0.528,0.511,2026-05-01T12:59:25.534928,2026-05-01T17:01:30.071608,MAX_HOLD,100.0,2.0,0.4752,0.66,-6.439393939393945,-6.439393939393945,LOSS,4.034593522222222,56.0,VALID
TAGUSDT,LONG,0.0007,0.0007,2026-05-01 01:51:23,2026-05-01 05:53:32,,,,,,-8.9,,LOSS,,67.0,
BRUSDT,LONG,0.1646,0.1647,2026-05-01 01:51:25,2026-05-01 05:53:32,,,,,,0.11,,WIN,,70.0,
BLUAIUSDT,LONG,0.0138,0.0139,2026-05-01 01:51:27,2026-05-01 05:53:32,,,,,,2.25,,WIN,,55.0,
SKYAIUSDT,LONG,0.3413,0.3526,2026-05-01 01:51:28,2026-05-01 05:53:32,,,,,,6.61,,WIN,,58.0,
NAORISUSDT,LONG,0.127,0.1349,2026-05-01 01:51:30,2026-05-01 05:53:32,,,,,,12.5,,WIN,,58.0,
BIOUSDT,LONG,0.0435,0.0415,2026-05-01 01:51:31,2026-05-01 05:53:32,,,,,,-9.6,,LOSS,,51.0,
AKEUSDT,LONG,0.0003,0.0003,2026-05-01 02:36:53,2026-05-01 06:39:00,,,,,,-6.59,,LOSS,,55.0,
USTCUSDT,LONG,0.0069,0.0068,2026-05-01 03:07:10,2026-05-01 07:09:17,,,,,,-1.95,,LOSS,,55.0,
BSBUSDT,LONG,0.5934,0.7439,2026-05-01 03:52:31,2026-05-03 02:24:56,,,,,,149.57,,WIN,,69.0,
ENSOUSDT,LONG,1.0084,1.0465,2026-05-01 04:07:37,2026-05-01 12:59:19,,,,,,-0.99,,LOSS,,62.0,
DRIFTUSDT,LONG,0.0415,,2026-05-01 05:53:36,,,,,,,,,,,67.0,
BRUSDT,LONG,0.1642,,2026-05-01 05:53:38,,,,,,,,,,,64.0,
BLUAIUSDT,LONG,0.0139,,2026-05-01 05:53:39,,,,,,,,,,,56.0,
SKYAIUSDT,LONG,0.3534,0.3842,2026-05-01 05:53:40,2026-05-01 12:44:12,,,,,,4.41,,WIN,,54.0,
TAGUSDT,LONG,0.0007,0.0007,2026-05-01 06:08:44,2026-05-01 12:44:12,,,,,,1.87,,WIN,,56.0,
TACUSDT,LONG,0.0186,0.0178,2026-05-01 06:08:50,2026-05-01 15:00:24,,,,,,-7.72,,LOSS,,60.0,
NAORISUSDT,LONG,0.1379,,2026-05-01 06:39:06,,,,,,,,,,,52.0,
AKEUSDT,LONG,0.0003,,2026-05-01 06:54:14,,,,,,,,,,,53.0,
GWEIUSDT,LONG,0.1091,0.1095,2026-05-01 08:26:53,2026-05-01 12:29:04,,,,,,0.64,,WIN,,73.0,
BIOUSDT,LONG,0.0437,0.0418,2026-05-01 08:26:57,2026-05-01 12:29:04,,,,,,-8.74,,LOSS,,64.0,
SKYAIUSDT,LONG,0.376,0.3828,2026-05-01 08:42:05,2026-05-01 16:46:23,,,,,,-0.89,,LOSS,,62.0,
TAGUSDT,LONG,0.0007,0.0009,2026-05-01 08:42:06,2026-05-02 15:53:36,,,,,,35.34,,WIN,,63.0,
ENSOUSDT,LONG,1.0517,,2026-05-01 08:57:11,,,,,,,,,,,56.0,
ORCAUSDT,LONG,1.962,1.975,2026-05-01 08:57:12,2026-05-01 12:59:19,,,,,,1.33,,WIN,,59.0,
TACUSDT,LONG,0.0185,,2026-05-01 10:58:20,,,,,,,,,,,59.0,
SKYAIUSDT,LONG,0.3845,0.4747,2026-05-01 12:44:16,2026-05-03 02:09:47,,,,,,40.32,,WIN,,55.0,
PENDLEUSDT,LONG,1.4798,1.499,2026-05-01 12:59:20,2026-05-01 17:01:30,,,,,,2.59,,WIN,,55.0,
ZEREBROUSDT,LONG,0.0323,0.0319,2026-05-01 12:59:21,2026-05-01 17:01:30,,,,,,-2.65,,LOSS,,67.0,
ORCAUSDT,LONG,1.984,1.928,2026-05-01 12:59:23,2026-05-01 17:01:30,,,,,,-5.65,,LOSS,,51.0,
GENIUSUSDT,LONG,0.528,0.511,2026-05-01 12:59:25,2026-05-01 17:01:30,,,,,,-6.44,,LOSS,,56.0,
TAGUSDT,LONG,0.0007,0.0012,2026-05-01 13:59:57,2026-05-02 19:39:49,,,,,,140.15,,WIN,,94.0,
AIOTUSDT,LONG,0.1187,,2026-05-01 15:00:24,,,,,,,,,,,60.0,
BRUSDT,LONG,0.178,,2026-05-01 15:30:46,,,,,,,,,,,51.0,
TACUSDT,LONG,0.0192,,2026-05-01 16:16:08,,,,,,,,,,,59.0,
DRIFTUSDT,LONG,0.0443,,2026-05-01 16:31:16,,,,,,,,,,,61.0,
NFPUSDT,LONG,0.0156,0.0176,2026-05-01 16:31:20,2026-05-02 16:08:44,,,,,,67.48,,WIN,,55.0,
UBUSDT,LONG,0.0939,0.1563,2026-05-01 17:01:32,2026-05-02 16:53:57,,,,,,42.75,,WIN,,55.0,
DRIFTUSDT,LONG,0.0448,,2026-05-01 17:36:17,,,,,,,,,,,54.0,
BUSDT,LONG,0.216,0.3467,2026-05-01 17:36:18,2026-05-02 19:54:58,,,,,,10.39,,WIN,,64.0,
NFPUSDT,LONG,0.0155,,2026-05-01 17:36:19,,,,,,,,,,,60.0,
UBUSDT,LONG,0.1018,0.139,2026-05-01 17:36:22,2026-05-02 18:09:19,,,,,,-55.96,,LOSS,,55.0,
ZEREBROUSDT,LONG,0.0375,,2026-05-01 17:51:25,,,,,,,,,,,55.0,
BRUSDT,LONG,0.1919,,2026-05-01 18:21:40,,,,,,,,,,,60.0,
TAGUSDT,LONG,0.0008,0.0018,2026-05-01 18:36:51,2026-05-02 23:23:56,,,,,,276.23,,WIN,,52.0,
ORCAUSDT,LONG,1.924,,2026-05-01 18:36:54,,,,,,,,,,,58.0,
GENIUSUSDT,LONG,0.5203,,2026-05-01 18:36:56,,,,,,,,,,,59.0,
ORCAUSDT,LONG,2.023,,2026-05-01 19:15:51,,,,,,,,,,,59.0,
UBUSDT,LONG,0.1116,,2026-05-01 19:30:54,,,,,,,,,,,60.0,
PENDLEUSDT,LONG,1.5773,,2026-05-01 19:42:34,,,,,,,,,,,60.0,
TAGUSDT,LONG,0.0008,0.0016,2026-05-01 19:47:56,2026-05-03 00:39:20,,,,,,-173.31,,LOSS,,52.0,
NFPUSDT,LONG,0.0176,,2026-05-01 19:47:58,,,,,,,,,,,60.0,
UBUSDT,LONG,0.1092,,2026-05-01 19:48:05,,,,,,,,,,,62.0,
ZEREBROUSDT,LONG,0.0316,,2026-05-01 20:03:07,,,,,,,,,,,67.0,
ORCAUSDT,LONG,2.062,,2026-05-01 20:18:17,,,,,,,,,,,59.0,
NFPUSDT,LONG,0.0176,,2026-05-01 20:38:31,,,,,,,,,,,60.0,
UBUSDT,LONG,0.1116,,2026-05-01 20:38:32,,,,,,,,,,,65.0,
BRUSDT,LONG,0.196,,2026-05-01 20:38:34,,,,,,,,,,,52.0,
ZEREBROUSDT,LONG,0.0326,,2026-05-01 20:38:35,,,,,,,,,,,58.0,
SKYAIUSDT,LONG,0.3818,,2026-05-01 20:42:58,,,,,,,,,,,73.0,
UBUSDT,LONG,0.1133,,2026-05-01 20:42:59,,,,,,,,,,,65.0,
ZEREBROUSDT,LONG,0.0332,,2026-05-01 20:43:00,,,,,,,,,,,55.0,
BRUSDT,LONG,0.2003,,2026-05-01 20:43:02,,,,,,,,,,,57.0,
NFPUSDT,LONG,0.0177,,2026-05-01 20:43:03,,,,,,,,,,,60.0,
NFPUSDT,LONG,0.0178,,2026-05-01 20:48:09,,,,,,,,,,,55.0,
TAGUSDT,LONG,0.0008,0.0011,2026-05-01 20:48:10,2026-05-03 05:56:00,,,,,,-163.98,,LOSS,,57.0,
AIOTUSDT,LONG,0.1378,,2026-05-01 20:48:12,,,,,,,,,,,59.0,
BRUSDT,LONG,0.1963,,2026-05-01 20:48:13,,,,,,,,,,,55.0,
ZEREBROUSDT,LONG,0.0335,,2026-05-01 20:48:14,,,,,,,,,,,55.0,
BUSDT,LONG,0.2527,0.3313,2026-05-01 20:48:15,2026-05-03 00:54:25,,,,,,-160.51,,LOSS,,64.0,
UBUSDT,LONG,0.1197,,2026-05-01 21:03:20,,,,,,,,,,,60.0,
UBUSDT,LONG,0.1273,,2026-05-01 21:34:06,,,,,,,,,,,67.0,
ZBTUSDT,LONG,0.2089,,2026-05-01 21:34:07,,,,,,,,,,,79.0,
BUSDT,LONG,0.2904,,2026-05-01 21:34:09,,,,,,,,,,,68.0,
NFPUSDT,LONG,0.02,,2026-05-01 21:34:11,,,,,,,,,,,60.0,
ZEREBROUSDT,LONG,0.0352,,2026-05-01 21:34:13,,,,,,,,,,,60.0,
TAGUSDT,LONG,0.0008,,2026-05-01 21:34:15,,,,,,,,,,,63.0,
APEUSDT,LONG,0.1794,,2026-05-01 22:20:05,,,,,,,,,,,59.0,
TAGUSDT,LONG,0.0008,,2026-05-01 22:20:08,,,,,,,,,,,60.0,
BASUSDT,LONG,0.0183,,2026-05-01 22:20:10,,,,,,,,,,,57.0,
UBUSDT,LONG,0.1299,,2026-05-01 22:35:14,,,,,,,,,,,58.0,
BUSDT,LONG,0.2956,,2026-05-01 22:35:16,,,,,,,,,,,68.0,
ZEREBROUSDT,LONG,0.035,,2026-05-01 22:35:18,,,,,,,,,,,60.0,
DRIFTUSDT,LONG,0.042,,2026-05-01 22:35:20,,,,,,,,,,,65.0,
NFPUSDT,LONG,0.0199,,2026-05-01 22:50:26,,,,,,,,,,,60.0,
ORCAUSDT,LONG,1.971,,2026-05-01 23:05:31,,,,,,,,,,,58.0,
BUSDT,LONG,0.2925,,2026-05-01 23:06:09,,,,,,,,,,,53.0,
NFPUSDT,LONG,0.0196,,2026-05-01 23:06:11,,,,,,,,,,,57.0,
ORCAUSDT,LONG,1.97,,2026-05-01 23:06:13,,,,,,,,,,,58.0,
UBUSDT,LONG,0.1357,,2026-05-01 23:06:15,,,,,,,,,,,58.0,
DRIFTUSDT,LONG,0.0422,,2026-05-01 23:06:17,,,,,,,,,,,65.0,
ONUSDT,LONG,0.1407,0.1323,2026-05-01 23:21:23,2026-05-02 14:08:04,,,,,,-113.53,,LOSS,,62.0,
BASUSDT,LONG,0.0181,,2026-05-01 23:36:27,,,,,,,,,,,60.0,
TAGUSDT,LONG,0.0009,,2026-05-01 23:51:31,,,,,,,,,,,52.0,
AXLUSDT,LONG,0.0692,,2026-05-01 23:52:12,,,,,,,,,,,60.0,
TAGUSDT,LONG,0.0009,,2026-05-01 23:52:14,,,,,,,,,,,52.0,
UBUSDT,LONG,0.1397,,2026-05-01 23:52:15,,,,,,,,,,,58.0,
BASUSDT,LONG,0.0184,,2026-05-01 23:52:17,,,,,,,,,,,74.0,
BUSDT,LONG,0.314,,2026-05-01 23:52:19,,,,,,,,,,,67.0,
BASUSDT,LONG,0.0186,,2026-05-02 00:38:07,,,,,,,,,,,51.0,
PENDLEUSDT,LONG,1.5674,,2026-05-02 00:38:09,,,,,,,,,,,54.0,
LUMIAUSDT,LONG,0.1723,,2026-05-02 00:38:11,,,,,,,,,,,59.0,
TAGUSDT,LONG,0.0009,,2026-05-02 00:38:14,,,,,,,,,,,56.0,
ORCAUSDT,LONG,1.955,,2026-05-02 00:53:18,,,,,,,,,,,59.0,
AXLUSDT,LONG,0.0687,,2026-05-02 01:08:22,,,,,,,,,,,62.0,
TAGUSDT,LONG,0.0009,,2026-05-02 01:24:05,,,,,,,,,,,51.0,
ORCAUSDT,LONG,1.977,,2026-05-02 01:24:07,,,,,,,,,,,56.0,
PENDLEUSDT,LONG,1.5797,,2026-05-02 01:24:11,,,,,,,,,,,55.0,
LUMIAUSDT,LONG,0.1726,,2026-05-02 01:54:18,,,,,,,,,,,63.0,
BUSDT,LONG,0.2989,,2026-05-02 01:54:20,,,,,,,,,,,62.0,
ONUSDT,LONG,0.1373,0.1362,2026-05-02 01:54:21,2026-05-02 19:09:37,,,,,,1.63,,WIN,,59.0,
AXLUSDT,LONG,0.0694,,2026-05-02 02:09:25,,,,,,,,,,,54.0,
ONUSDT,LONG,0.1373,,2026-05-02 02:10:05,,,,,,,,,,,65.0,
BUSDT,LONG,0.2966,,2026-05-02 02:10:07,,,,,,,,,,,64.0,
LUMIAUSDT,LONG,0.1765,,2026-05-02 02:10:09,,,,,,,,,,,59.0,
TAGUSDT,LONG,0.001,,2026-05-02 02:10:11,,,,,,,,,,,60.0,
AXLUSDT,LONG,0.0694,,2026-05-02 02:10:13,,,,,,,,,,,54.0,
PENDLEUSDT,LONG,1.5987,,2026-05-02 02:10:15,,,,,,,,,,,55.0,
BASUSDT,LONG,0.0173,,2026-05-02 02:40:22,,,,,,,,,,,67.0,
ZEREBROUSDT,LONG,0.0316,,2026-05-02 02:56:06,,,,,,,,,,,54.0,
LABUSDT,LONG,0.8297,2.1403,2026-05-02 02:56:08,2026-05-02 12:52:42,,,,,,318.81,,WIN,,65.0,
BASUSDT,LONG,0.0174,,2026-05-02 03:11:11,,,,,,,,,,,61.0,
BUSDT,LONG,0.2936,,2026-05-02 03:11:15,,,,,,,,,,,55.0,
UBUSDT,LONG,0.0976,,2026-05-02 03:11:17,,,,,,,,,,,69.0,
NFPUSDT,LONG,0.0181,,2026-05-02 03:26:20,,,,,,,,,,,64.0,
ONUSDT,LONG,0.1357,,2026-05-02 03:26:22,,,,,,,,,,,64.0,
LUMIAUSDT,LONG,0.1746,,2026-05-02 03:41:27,,,,,,,,,,,63.0,
UBUSDT,LONG,0.0993,,2026-05-02 03:42:07,,,,,,,,,,,70.0,
LABUSDT,LONG,0.8801,1.7988,2026-05-02 03:42:09,2026-05-02 13:22:52,,,,,,-164.64,,LOSS,,64.0,
ONUSDT,LONG,0.1372,,2026-05-02 03:42:11,,,,,,,,,,,69.0,
BUSDT,LONG,0.3058,,2026-05-02 03:42:13,,,,,,,,,,,62.0,
LUMIAUSDT,LONG,0.1757,,2026-05-02 03:57:17,,,,,,,,,,,77.0,
ORCAUSDT,LONG,2.006,,2026-05-02 04:12:23,,,,,,,,,,,60.0,
TAGUSDT,LONG,0.0009,,2026-05-02 04:27:28,,,,,,,,,,,51.0,
UBUSDT,LONG,0.1278,,2026-05-02 04:28:06,,,,,,,,,,,65.0,
ONUSDT,LONG,0.1401,,2026-05-02 04:28:09,,,,,,,,,,,71.0,
TAGUSDT,LONG,0.0009,,2026-05-02 04:28:11,,,,,,,,,,,51.0,
BUSDT,LONG,0.3061,,2026-05-02 04:28:13,,,,,,,,,,,59.0,
ZEREBROUSDT,LONG,0.0322,,2026-05-02 04:43:16,,,,,,,,,,,52.0,
LABUSDT,LONG,0.8956,2.0575,2026-05-02 04:58:23,2026-05-02 18:39:29,,,,,,187.18,,WIN,,56.0,
LABUSDT,LONG,0.8904,,2026-05-02 05:14:05,,,,,,,,,,,56.0,
ZEREBROUSDT,LONG,0.0324,,2026-05-02 05:14:06,,,,,,,,,,,56.0,
UBUSDT,LONG,0.1262,,2026-05-02 05:14:08,,,,,,,,,,,65.0,
ONUSDT,LONG,0.1411,,2026-05-02 05:14:10,,,,,,,,,,,68.0,
NFPUSDT,LONG,0.0176,,2026-05-02 05:29:15,,,,,,,,,,,56.0,
BUSDT,LONG,0.3039,,2026-05-02 05:29:17,,,,,,,,,,,50.0,
NFPUSDT,LONG,0.0178,,2026-05-02 06:00:06,,,,,,,,,,,64.0,
ONUSDT,LONG,0.1414,,2026-05-02 06:15:10,,,,,,,,,,,81.0,
NFPUSDT,LONG,0.0177,,2026-05-02 06:42:03,,,,,,,,,,,59.0,
LABUSDT,LONG,1.0855,,2026-05-02 06:42:05,,,,,,,,,,,74.0,
TAGUSDT,LONG,0.0009,,2026-05-02 06:42:07,,,,,,,,,,,62.0,
BUSDT,LONG,0.3156,,2026-05-02 06:57:11,,,,,,,,,,,78.0,
LUMIAUSDT,LONG,0.1715,,2026-05-02 06:57:13,,,,,,,,,,,63.0,
UBUSDT,LONG,0.1258,,2026-05-02 06:57:15,,,,,,,,,,,56.0,
ONUSDT,LONG,0.1432,,2026-05-02 06:57:17,,,,,,,,,,,81.0,
ONUSDT,LONG,0.1463,,2026-05-02 07:27:59,,,,,,,,,,,65.0,
LABUSDT,LONG,1.2786,,2026-05-02 07:28:01,,,,,,,,,,,62.0,
LUMIAUSDT,LONG,0.1729,,2026-05-02 07:28:03,,,,,,,,,,,61.0,
BASUSDT,LONG,0.0174,,2026-05-02 07:28:06,,,,,,,,,,,60.0,
LUMIAUSDT,LONG,0.1731,,2026-05-02 07:31:32,,,,,,,,,,,59.0,
BASUSDT,LONG,0.0173,,2026-05-02 07:31:33,,,,,,,,,,,52.0,
LABUSDT,LONG,1.2869,,2026-05-02 07:31:35,,,,,,,,,,,60.0,
BUSDT,LONG,0.3231,,2026-05-02 07:31:36,,,,,,,,,,,56.0,
ONUSDT,LONG,0.1431,,2026-05-02 07:31:38,,,,,,,,,,,59.0,
BLESSUSDT,LONG,0.0069,0.007,2026-05-02 08:17:26,2026-05-02 19:54:58,,,,,,-1.43,,LOSS,,73.0,
UBUSDT,LONG,0.1318,,2026-05-02 08:32:30,,,,,,,,,,,57.0,
TAGUSDT,LONG,0.0008,,2026-05-02 08:47:32,,,,,,,,,,,54.0,
ONUSDT,LONG,0.1448,,2026-05-02 09:02:38,,,,,,,,,,,56.0,
TAGUSDT,LONG,0.0008,,2026-05-02 09:03:15,,,,,,,,,,,64.0,
BLESSUSDT,LONG,0.0071,,2026-05-02 09:03:18,,,,,,,,,,,51.0,
ONUSDT,LONG,0.1444,,2026-05-02 09:03:19,,,,,,,,,,,56.0,
UBUSDT,LONG,0.1337,,2026-05-02 09:48:26,,,,,,,,,,,53.0,
LABUSDT,LONG,1.2384,,2026-05-02 09:48:28,,,,,,,,,,,53.0,
UBUSDT,LONG,0.1346,,2026-05-02 09:49:06,,,,,,,,,,,65.0,
LABUSDT,LONG,1.2344,,2026-05-02 09:49:08,,,,,,,,,,,53.0,
ONUSDT,LONG,0.1489,,2026-05-02 10:04:11,,,,,,,,,,,64.0,
IRYSUSDT,LONG,0.042,0.0429,2026-05-02 10:19:13,2026-05-02 15:53:35,,,,,,14.64,,WIN,,54.0,
CHRUSDT,LONG,0.0278,0.0277,2026-05-02 10:31:40,2026-05-02 15:53:34,,,,,,9.58,,WIN,,57.0,
PLAYUSDT,LONG,0.1205,,2026-05-02 10:31:41,,,,,,,,,,,57.0,
LABUSDT,LONG,1.3582,,2026-05-02 10:31:42,,,,,,,,,,,63.0,
UBUSDT,LONG,0.1389,,2026-05-02 10:31:43,,,,,,,,,,,56.0,
IRYSUSDT,LONG,0.0419,0.0437,2026-05-02 10:31:45,2026-05-02 20:55:18,,,,,,-0.93,,LOSS,,54.0,
NFPUSDT,LONG,0.0164,,2026-05-02 11:16:54,,,,,,,,,,,53.0,
ONUSDT,LONG,0.1553,,2026-05-02 11:16:56,,,,,,,,,,,60.0,
KNCUSDT,LONG,0.1782,0.1726,2026-05-02 11:37:21,2026-05-02 15:38:28,,,,,,-15.71,,LOSS,,55.0,
LABUSDT,LONG,1.6229,,2026-05-02 11:37:22,,,,,,,,,,,60.0,
CHRUSDT,LONG,0.0271,,2026-05-02 11:52:24,,,,,,,,,,,51.0,
IRYSUSDT,LONG,0.0417,,2026-05-02 11:52:26,,,,,,,,,,,56.0,
TAGUSDT,LONG,0.0009,,2026-05-02 11:52:27,,,,,,,,,,,55.0,
ONUSDT,LONG,0.1492,,2026-05-02 12:07:30,,,,,,,,,,,63.0,
NFPUSDT,LONG,0.0164,,2026-05-02 12:07:31,,,,,,,,,,,63.0,
UBUSDT,LONG,0.1444,,2026-05-02 12:52:44,,,,,,,,,,,56.0,
LABUSDT,LONG,2.1403,,2026-05-02 12:52:46,,,,,,,,,,,62.0,
LABUSDT,LONG,1.7342,,2026-05-02 14:38:15,,,,,,,,,,,63.0,
ONUSDT,LONG,0.1357,,2026-05-02 15:08:21,,,,,,,,,,,56.0,
CHILLGUYUSDT,LONG,0.0132,0.014,2026-05-02 15:38:32,2026-05-02 19:39:49,,,,,,29.64,,WIN,,57.0,
BIOUSDT,LONG,0.048,0.053,2026-05-02 15:53:38,2026-05-02 19:54:57,,,,,,105.09,,WIN,,60.0,
BLESSUSDT,LONG,0.0071,,2026-05-02 15:53:39,,,,,,,,,,,58.0,
BUSDT,LONG,0.3397,,2026-05-02 15:53:40,,,,,,,,,,,53.0,
TAGUSDT,LONG,0.0009,,2026-05-02 15:53:42,,,,,,,,,,,54.0,
UBUSDT,LONG,0.1561,,2026-05-02 16:53:59,,,,,,,,,,,52.0,
IRYSUSDT,LONG,0.0438,,2026-05-02 16:54:01,,,,,,,,,,,55.0,
NFPUSDT,LONG,0.0166,,2026-05-02 19:09:40,,,,,,,,,,,66.0,
UBUSDT,LONG,0.1337,,2026-05-02 19:24:43,,,,,,,,,,,86.0,
KNCUSDT,LONG,0.1612,0.1669,2026-05-02 19:39:52,2026-05-03 06:11:07,,,,,,-15.82,,LOSS,,52.0,
CHILLGUYUSDT,LONG,0.014,0.0147,2026-05-02 19:39:54,2026-05-03 02:09:48,,,,,,3.95,,WIN,,59.0,
TAGUSDT,LONG,0.0012,,2026-05-02 19:39:55,,,,,,,,,,,73.0,
BIOUSDT,LONG,0.053,0.0571,2026-05-02 19:55:00,2026-05-02 22:53:46,,,,,,-108.02,,LOSS,,60.0,
SPACEUSDT,LONG,0.0081,0.0082,2026-05-02 19:55:01,2026-05-03 02:09:49,,,,,,-11.1,,LOSS,,61.0,
BUSDT,LONG,0.3466,,2026-05-02 19:55:02,,,,,,,,,,,60.0,
BSBUSDT,LONG,0.5916,0.6638,2026-05-02 20:55:19,2026-05-03 05:10:47,,,,,,-108.59,,LOSS,,56.0,
BLESSUSDT,LONG,0.007,,2026-05-02 21:10:25,,,,,,,,,,,54.0,
IRYSUSDT,LONG,0.0438,,2026-05-02 21:40:37,,,,,,,,,,,54.0,
JCTUSDT,LONG,0.0038,0.0035,2026-05-02 22:04:26,2026-05-03 02:09:46,,,,,,-36.96,,LOSS,,55.0,
TAGUSDT,LONG,0.0014,,2026-05-02 22:04:27,,,,,,,,,,,67.0,
CHILLGUYUSDT,LONG,0.0147,,2026-05-02 22:04:29,,,,,,,,,,,60.0,
SPACEUSDT,LONG,0.0083,0.0092,2026-05-02 22:04:30,2026-05-03 06:41:18,,,,,,45.53,,WIN,,57.0,
UBUSDT,LONG,0.1596,,2026-05-02 22:04:31,,,,,,,,,,,55.0,
SKYAIUSDT,LONG,0.4505,,2026-05-02 22:04:32,,,,,,,,,,,55.0,
BIOUSDT,LONG,0.0651,0.0582,2026-05-02 22:04:33,2026-05-03 04:10:28,,,,,,3.51,,WIN,,60.0,
JCTUSDT,LONG,0.0038,,2026-05-02 22:08:28,,,,,,,,,,,55.0,
SKYAIUSDT,LONG,0.4563,,2026-05-02 22:08:29,,,,,,,,,,,60.0,
BIOUSDT,LONG,0.064,,2026-05-02 22:08:30,,,,,,,,,,,60.0,
ORDIUSDT,LONG,5.363,5.737,2026-05-02 22:08:32,2026-05-03 02:09:48,,,,,,104.61,,WIN,,70.0,
CHILLGUYUSDT,LONG,0.0147,,2026-05-02 22:08:33,,,,,,,,,,,60.0,
SPACEUSDT,LONG,0.0083,,2026-05-02 22:08:34,,,,,,,,,,,57.0,
TAGUSDT,LONG,0.0014,,2026-05-02 22:08:35,,,,,,,,,,,67.0,
BSBUSDT,LONG,0.6471,,2026-05-02 22:23:39,,,,,,,,,,,61.0,
BUSDT,LONG,0.371,,2026-05-02 22:23:41,,,,,,,,,,,74.0,
XNYUSDT,LONG,0.0072,0.0079,2026-05-02 22:53:49,2026-05-03 02:55:05,,,,,,90.6,,WIN,,64.0,
TAGUSDT,LONG,0.0018,,2026-05-02 23:24:00,,,,,,,,,,,72.0,
BIOUSDT,LONG,0.058,,2026-05-03 00:09:12,,,,,,,,,,,63.0,
KNCUSDT,LONG,0.1696,,2026-05-03 02:09:52,,,,,,,,,,,63.0,
TAGUSDT,LONG,0.0013,,2026-05-03 02:09:54,,,,,,,,,,,73.0,
BSBUSDT,LONG,0.7439,,2026-05-03 02:24:58,,,,,,,,,,,62.0,
SPACEUSDT,LONG,0.0085,,2026-05-03 02:40:03,,,,,,,,,,,55.0,
SKYAIUSDT,LONG,0.4819,,2026-05-03 02:55:06,,,,,,,,,,,59.0,
XNYUSDT,LONG,0.0078,,2026-05-03 02:55:09,,,,,,,,,,,59.0,
TACUSDT,LONG,0.021,,2026-05-03 03:10:14,,,,,,,,,,,64.0,
BIOUSDT,LONG,0.0582,,2026-05-03 04:10:30,,,,,,,,,,,67.0,
UBUSDT,LONG,0.1579,,2026-05-03 04:10:32,,,,,,,,,,,62.0,
BSBUSDT,LONG,0.6735,,2026-05-03 05:40:57,,,,,,,,,,,64.0,
1000LUNCUSDT,LONG,0.0886,,2026-05-03 06:11:10,,,,,,,,,,,57.0,
TAGUSDT,LONG,0.0012,,2026-05-03 06:26:15,,,,,,,,,,,58.0,
SPACEUSDT,LONG,0.0092,,2026-05-03 06:41:22,,,,,,,,,,,60.0,
